{"type":"root","children":[{"type":"thematicBreak"},{"type":"heading","depth":2,"children":[{"type":"text","value":"sidebar_position: 1"}]},{"type":"heading","depth":1,"children":[{"type":"text","value":"Manage Docs Versions"}]},{"type":"paragraph","children":[{"type":"text","value":"Docusaurus can manage multiple versions of your docs."}]},{"type":"heading","depth":2,"children":[{"type":"text","value":"Create a docs version"}]},{"type":"paragraph","children":[{"type":"text","value":"Release a version 1.0 of your project:"}]},{"type":"code","lang":"bash","meta":null,"value":"npm run docusaurus docs:version 1.0"},{"type":"paragraph","children":[{"type":"text","value":"The "},{"type":"inlineCode","value":"docs"},{"type":"text","value":" folder is copied into "},{"type":"inlineCode","value":"versioned_docs/version-1.0"},{"type":"text","value":" and "},{"type":"inlineCode","value":"versions.json"},{"type":"text","value":" is created."}]},{"type":"paragraph","children":[{"type":"text","value":"Your docs now have 2 versions:"}]},{"type":"list","ordered":false,"start":null,"spread":false,"children":[{"type":"listItem","spread":false,"checked":null,"children":[{"type":"paragraph","children":[{"type":"inlineCode","value":"1.0"},{"type":"text","value":" at "},{"type":"inlineCode","value":"http://localhost:3000/docs/"},{"type":"text","value":" for the version 1.0 docs"}]}]},{"type":"listItem","spread":false,"checked":null,"children":[{"type":"paragraph","children":[{"type":"inlineCode","value":"current"},{"type":"text","value":" at "},{"type":"inlineCode","value":"http://localhost:3000/docs/next/"},{"type":"text","value":" for the "},{"type":"strong","children":[{"type":"text","value":"upcoming, unreleased docs"}]}]}]}]},{"type":"heading","depth":2,"children":[{"type":"text","value":"Add a Version Dropdown"}]},{"type":"paragraph","children":[{"type":"text","value":"To navigate seamlessly across versions, add a version dropdown."}]},{"type":"paragraph","children":[{"type":"text","value":"Modify the "},{"type":"inlineCode","value":"docusaurus.config.js"},{"type":"text","value":" file:"}]},{"type":"code","lang":"js","meta":"title=\"docusaurus.config.js\"","value":"module.exports = {\n  themeConfig: {\n    navbar: {\n      items: [\n        // highlight-start\n        {\n          type: 'docsVersionDropdown',\n        },\n        // highlight-end\n      ],\n    },\n  },\n};"},{"type":"paragraph","children":[{"type":"text","value":"The docs version dropdown appears in your navbar:"}]},{"type":"paragraph","children":[{"type":"image","title":null,"url":"./img/docsVersionDropdown.png","alt":"Docs Version Dropdown"}]},{"type":"heading","depth":2,"children":[{"type":"text","value":"Update an existing version"}]},{"type":"paragraph","children":[{"type":"text","value":"It is possible to edit versioned docs in their respective folder:"}]},{"type":"list","ordered":false,"start":null,"spread":false,"children":[{"type":"listItem","spread":false,"checked":null,"children":[{"type":"paragraph","children":[{"type":"inlineCode","value":"versioned_docs/version-1.0/hello.md"},{"type":"text","value":" updates "},{"type":"inlineCode","value":"http://localhost:3000/docs/hello"}]}]},{"type":"listItem","spread":false,"checked":null,"children":[{"type":"paragraph","children":[{"type":"inlineCode","value":"docs/hello.md"},{"type":"text","value":" updates "},{"type":"inlineCode","value":"http://localhost:3000/docs/next/hello"}]}]}]}]}