{"type":"root","children":[{"type":"thematicBreak"},{"type":"heading","depth":2,"children":[{"type":"text","value":"sidebar_position: 2"}]},{"type":"heading","depth":1,"children":[{"type":"text","value":"Translate your site"}]},{"type":"paragraph","children":[{"type":"text","value":"Let's translate "},{"type":"inlineCode","value":"docs/intro.md"},{"type":"text","value":" to French."}]},{"type":"heading","depth":2,"children":[{"type":"text","value":"Configure i18n"}]},{"type":"paragraph","children":[{"type":"text","value":"Modify "},{"type":"inlineCode","value":"docusaurus.config.js"},{"type":"text","value":" to add support for the "},{"type":"inlineCode","value":"fr"},{"type":"text","value":" locale:"}]},{"type":"code","lang":"js","meta":"title=\"docusaurus.config.js\"","value":"module.exports = {\n  i18n: {\n    defaultLocale: 'en',\n    locales: ['en', 'fr'],\n  },\n};"},{"type":"heading","depth":2,"children":[{"type":"text","value":"Translate a doc"}]},{"type":"paragraph","children":[{"type":"text","value":"Copy the "},{"type":"inlineCode","value":"docs/intro.md"},{"type":"text","value":" file to the "},{"type":"inlineCode","value":"i18n/fr"},{"type":"text","value":" folder:"}]},{"type":"code","lang":"bash","meta":null,"value":"mkdir -p i18n/fr/docusaurus-plugin-content-docs/current/\n\ncp docs/intro.md i18n/fr/docusaurus-plugin-content-docs/current/intro.md"},{"type":"paragraph","children":[{"type":"text","value":"Translate "},{"type":"inlineCode","value":"i18n/fr/docusaurus-plugin-content-docs/current/intro.md"},{"type":"text","value":" in French."}]},{"type":"heading","depth":2,"children":[{"type":"text","value":"Start your localized site"}]},{"type":"paragraph","children":[{"type":"text","value":"Start your site on the French locale:"}]},{"type":"code","lang":"bash","meta":null,"value":"npm run start -- --locale fr"},{"type":"paragraph","children":[{"type":"text","value":"Your localized site is accessible at "},{"type":"link","title":null,"url":"http://localhost:3000/fr/","children":[{"type":"text","value":"http://localhost:3000/fr/"}]},{"type":"text","value":" and the "},{"type":"inlineCode","value":"Getting Started"},{"type":"text","value":" page is translated."}]},{"type":"paragraph","children":[{"type":"text","value":":::caution"}]},{"type":"paragraph","children":[{"type":"text","value":"In development, you can only use one locale at a same time."}]},{"type":"paragraph","children":[{"type":"text","value":":::"}]},{"type":"heading","depth":2,"children":[{"type":"text","value":"Add a Locale Dropdown"}]},{"type":"paragraph","children":[{"type":"text","value":"To navigate seamlessly across languages, add a locale dropdown."}]},{"type":"paragraph","children":[{"type":"text","value":"Modify the "},{"type":"inlineCode","value":"docusaurus.config.js"},{"type":"text","value":" file:"}]},{"type":"code","lang":"js","meta":"title=\"docusaurus.config.js\"","value":"module.exports = {\n  themeConfig: {\n    navbar: {\n      items: [\n        // highlight-start\n        {\n          type: 'localeDropdown',\n        },\n        // highlight-end\n      ],\n    },\n  },\n};"},{"type":"paragraph","children":[{"type":"text","value":"The locale dropdown now appears in your navbar:"}]},{"type":"paragraph","children":[{"type":"image","title":null,"url":"./img/localeDropdown.png","alt":"Locale Dropdown"}]},{"type":"heading","depth":2,"children":[{"type":"text","value":"Build your localized site"}]},{"type":"paragraph","children":[{"type":"text","value":"Build your site for a specific locale:"}]},{"type":"code","lang":"bash","meta":null,"value":"npm run build -- --locale fr"},{"type":"paragraph","children":[{"type":"text","value":"Or build your site to include all the locales at once:"}]},{"type":"code","lang":"bash","meta":null,"value":"npm run build"}]}