{
  "unversionedId": "k-mdx-half",
  "id": "k-mdx-half",
  "title": "REST API - MDX - Half",
  "description": "배송지 가져오기",
  "source": "@site/docs/k-mdx-half.mdx",
  "sourceDirName": ".",
  "slug": "/k-mdx-half",
  "permalink": "/docs/k-mdx-half",
  "draft": false,
  "editUrl": "https://github.com/facebook/docusaurus/tree/main/packages/create-docusaurus/templates/shared/docs/k-mdx-half.mdx",
  "tags": [],
  "version": "current",
  "frontMatter": {},
  "sidebar": "tutorialSidebar",
  "previous": {
    "title": "REST API - MD",
    "permalink": "/docs/k-md"
  },
  "next": {
    "title": "REST API - MDX",
    "permalink": "/docs/k-mdx"
  }
}