{
  "unversionedId": "k-mdx",
  "id": "k-mdx",
  "title": "REST API - MDX",
  "description": "---",
  "source": "@site/docs/k-mdx.mdx",
  "sourceDirName": ".",
  "slug": "/k-mdx",
  "permalink": "/docs/k-mdx",
  "draft": false,
  "editUrl": "https://github.com/facebook/docusaurus/tree/main/packages/create-docusaurus/templates/shared/docs/k-mdx.mdx",
  "tags": [],
  "version": "current",
  "frontMatter": {},
  "sidebar": "tutorialSidebar",
  "previous": {
    "title": "REST API - MDX - Half",
    "permalink": "/docs/k-mdx-half"
  },
  "next": {
    "title": "Test",
    "permalink": "/docs/test"
  }
}