{
  "unversionedId": "k-md",
  "id": "k-md",
  "title": "REST API - MD",
  "description": "이 문서는 REST API를 사용한 로그인 구현 방법을 안내합니다.",
  "source": "@site/docs/k-md.md",
  "sourceDirName": ".",
  "slug": "/k-md",
  "permalink": "/docs/k-md",
  "draft": false,
  "editUrl": "https://github.com/facebook/docusaurus/tree/main/packages/create-docusaurus/templates/shared/docs/k-md.md",
  "tags": [],
  "version": "current",
  "frontMatter": {},
  "sidebar": "tutorialSidebar",
  "previous": {
    "title": "Translate your site",
    "permalink": "/docs/tutorial-extras/translate-your-site"
  },
  "next": {
    "title": "REST API - MDX - Half",
    "permalink": "/docs/k-mdx-half"
  }
}