{"type":"root","children":[{"type":"thematicBreak"},{"type":"heading","depth":2,"children":[{"type":"text","value":"sidebar_position: 1"}]},{"type":"heading","depth":1,"children":[{"type":"text","value":"Tutorial Intro"}]},{"type":"paragraph","children":[{"type":"text","value":"Let's discover "},{"type":"strong","children":[{"type":"text","value":"Docusaurus in less than 5 minutes"}]},{"type":"text","value":"."}]},{"type":"heading","depth":2,"children":[{"type":"text","value":"Getting Started"}]},{"type":"paragraph","children":[{"type":"text","value":"Get started by "},{"type":"strong","children":[{"type":"text","value":"creating a new site"}]},{"type":"text","value":"."}]},{"type":"paragraph","children":[{"type":"text","value":"Or "},{"type":"strong","children":[{"type":"text","value":"try Docusaurus immediately"}]},{"type":"text","value":" with "},{"type":"strong","children":[{"type":"link","title":null,"url":"https://docusaurus.new","children":[{"type":"text","value":"docusaurus.new"}]}]},{"type":"text","value":"."}]},{"type":"heading","depth":3,"children":[{"type":"text","value":"What you'll need"}]},{"type":"list","ordered":false,"start":null,"spread":false,"children":[{"type":"listItem","spread":false,"checked":null,"children":[{"type":"paragraph","children":[{"type":"link","title":null,"url":"https://nodejs.org/en/download/","children":[{"type":"text","value":"Node.js"}]},{"type":"text","value":" version 16.14 or above:"}]},{"type":"list","ordered":false,"start":null,"spread":false,"children":[{"type":"listItem","spread":false,"checked":null,"children":[{"type":"paragraph","children":[{"type":"text","value":"When installing Node.js, you are recommended to check all checkboxes related to dependencies."}]}]}]}]}]},{"type":"heading","depth":2,"children":[{"type":"text","value":"Generate a new site"}]},{"type":"paragraph","children":[{"type":"text","value":"Generate a new Docusaurus site using the "},{"type":"strong","children":[{"type":"text","value":"classic template"}]},{"type":"text","value":"."}]},{"type":"paragraph","children":[{"type":"text","value":"The classic template will automatically be added to your project after you run the command:"}]},{"type":"code","lang":"bash","meta":null,"value":"npm init docusaurus@latest my-website classic"},{"type":"paragraph","children":[{"type":"text","value":"You can type this command into Command Prompt, Powershell, Terminal, or any other integrated terminal of your code editor."}]},{"type":"paragraph","children":[{"type":"text","value":"The command also installs all necessary dependencies you need to run Docusaurus."}]},{"type":"heading","depth":2,"children":[{"type":"text","value":"Start your site"}]},{"type":"paragraph","children":[{"type":"text","value":"Run the development server:"}]},{"type":"code","lang":"bash","meta":null,"value":"cd my-website\nnpm run start"},{"type":"paragraph","children":[{"type":"text","value":"The "},{"type":"inlineCode","value":"cd"},{"type":"text","value":" command changes the directory you're working with. In order to work with your newly created Docusaurus site, you'll need to navigate the terminal there."}]},{"type":"paragraph","children":[{"type":"text","value":"The "},{"type":"inlineCode","value":"npm run start"},{"type":"text","value":" command builds your website locally and serves it through a development server, ready for you to view at "},{"type":"link","title":null,"url":"http://localhost:3000/","children":[{"type":"text","value":"http://localhost:3000/"}]},{"type":"text","value":"."}]},{"type":"paragraph","children":[{"type":"text","value":"Open "},{"type":"inlineCode","value":"docs/intro.md"},{"type":"text","value":" (this page) and edit some lines: the site "},{"type":"strong","children":[{"type":"text","value":"reloads automatically"}]},{"type":"text","value":" and displays your changes."}]}]}