{"type":"root","children":[{"type":"thematicBreak"},{"type":"heading","depth":2,"children":[{"type":"text","value":"sidebar_position: 6"}]},{"type":"heading","depth":1,"children":[{"type":"text","value":"Congratulations!"}]},{"type":"paragraph","children":[{"type":"text","value":"You have just learned the "},{"type":"strong","children":[{"type":"text","value":"basics of Docusaurus"}]},{"type":"text","value":" and made some changes to the "},{"type":"strong","children":[{"type":"text","value":"initial template"}]},{"type":"text","value":"."}]},{"type":"paragraph","children":[{"type":"text","value":"Docusaurus has "},{"type":"strong","children":[{"type":"text","value":"much more to offer"}]},{"type":"text","value":"!"}]},{"type":"paragraph","children":[{"type":"text","value":"Have "},{"type":"strong","children":[{"type":"text","value":"5 more minutes"}]},{"type":"text","value":"? Take a look at "},{"type":"strong","children":[{"type":"link","title":null,"url":"../tutorial-extras/manage-docs-versions.md","children":[{"type":"text","value":"versioning"}]}]},{"type":"text","value":" and "},{"type":"strong","children":[{"type":"link","title":null,"url":"../tutorial-extras/translate-your-site.md","children":[{"type":"text","value":"i18n"}]}]},{"type":"text","value":"."}]},{"type":"paragraph","children":[{"type":"text","value":"Anything "},{"type":"strong","children":[{"type":"text","value":"unclear"}]},{"type":"text","value":" or "},{"type":"strong","children":[{"type":"text","value":"buggy"}]},{"type":"text","value":" in this tutorial? "},{"type":"link","title":null,"url":"https://github.com/facebook/docusaurus/discussions/4610","children":[{"type":"text","value":"Please report it!"}]}]},{"type":"heading","depth":2,"children":[{"type":"text","value":"What's next?"}]},{"type":"list","ordered":false,"start":null,"spread":false,"children":[{"type":"listItem","spread":false,"checked":null,"children":[{"type":"paragraph","children":[{"type":"text","value":"Read the "},{"type":"link","title":null,"url":"https://docusaurus.io/","children":[{"type":"text","value":"official documentation"}]}]}]},{"type":"listItem","spread":false,"checked":null,"children":[{"type":"paragraph","children":[{"type":"text","value":"Modify your site configuration with "},{"type":"link","title":null,"url":"https://docusaurus.io/docs/api/docusaurus-config","children":[{"type":"inlineCode","value":"docusaurus.config.js"}]}]}]},{"type":"listItem","spread":false,"checked":null,"children":[{"type":"paragraph","children":[{"type":"text","value":"Add navbar and footer items with "},{"type":"link","title":null,"url":"https://docusaurus.io/docs/api/themes/configuration","children":[{"type":"inlineCode","value":"themeConfig"}]}]}]},{"type":"listItem","spread":false,"checked":null,"children":[{"type":"paragraph","children":[{"type":"text","value":"Add a custom "},{"type":"link","title":null,"url":"https://docusaurus.io/docs/styling-layout","children":[{"type":"text","value":"Design and Layout"}]}]}]},{"type":"listItem","spread":false,"checked":null,"children":[{"type":"paragraph","children":[{"type":"text","value":"Add a "},{"type":"link","title":null,"url":"https://docusaurus.io/docs/search","children":[{"type":"text","value":"search bar"}]}]}]},{"type":"listItem","spread":false,"checked":null,"children":[{"type":"paragraph","children":[{"type":"text","value":"Find inspirations in the "},{"type":"link","title":null,"url":"https://docusaurus.io/showcase","children":[{"type":"text","value":"Docusaurus showcase"}]}]}]},{"type":"listItem","spread":false,"checked":null,"children":[{"type":"paragraph","children":[{"type":"text","value":"Get involved in the "},{"type":"link","title":null,"url":"https://docusaurus.io/community/support","children":[{"type":"text","value":"Docusaurus Community"}]}]}]}]}]}