{"type":"root","children":[{"type":"thematicBreak"},{"type":"heading","depth":2,"children":[{"type":"text","value":"sidebar_position: 3"}]},{"type":"heading","depth":1,"children":[{"type":"text","value":"Create a Blog Post"}]},{"type":"paragraph","children":[{"type":"text","value":"Docusaurus creates a "},{"type":"strong","children":[{"type":"text","value":"page for each blog post"}]},{"type":"text","value":", but also a "},{"type":"strong","children":[{"type":"text","value":"blog index page"}]},{"type":"text","value":", a "},{"type":"strong","children":[{"type":"text","value":"tag system"}]},{"type":"text","value":", an "},{"type":"strong","children":[{"type":"text","value":"RSS"}]},{"type":"text","value":" feed..."}]},{"type":"heading","depth":2,"children":[{"type":"text","value":"Create your first Post"}]},{"type":"paragraph","children":[{"type":"text","value":"Create a file at "},{"type":"inlineCode","value":"blog/2021-02-28-greetings.md"},{"type":"text","value":":"}]},{"type":"code","lang":"md","meta":"title=\"blog/2021-02-28-greetings.md\"","value":"---\nslug: greetings\ntitle: Greetings!\nauthors:\n  - name: Joel Marcey\n    title: Co-creator of Docusaurus 1\n    url: https://github.com/JoelMarcey\n    image_url: https://github.com/JoelMarcey.png\n  - name: Sébastien Lorber\n    title: Docusaurus maintainer\n    url: https://sebastienlorber.com\n    image_url: https://github.com/slorber.png\ntags: [greetings]\n---\n\nCongratulations, you have made your first post!\n\nFeel free to play around and edit this post as much you like."},{"type":"paragraph","children":[{"type":"text","value":"A new blog post is now available at "},{"type":"link","title":null,"url":"http://localhost:3000/blog/greetings","children":[{"type":"text","value":"http://localhost:3000/blog/greetings"}]},{"type":"text","value":"."}]}]}