{"type":"root","children":[{"type":"thematicBreak"},{"type":"heading","depth":2,"children":[{"type":"text","value":"sidebar_position: 1"}]},{"type":"heading","depth":1,"children":[{"type":"text","value":"Create a Page"}]},{"type":"paragraph","children":[{"type":"text","value":"Add "},{"type":"strong","children":[{"type":"text","value":"Markdown or React"}]},{"type":"text","value":" files to "},{"type":"inlineCode","value":"src/pages"},{"type":"text","value":" to create a "},{"type":"strong","children":[{"type":"text","value":"standalone page"}]},{"type":"text","value":":"}]},{"type":"list","ordered":false,"start":null,"spread":false,"children":[{"type":"listItem","spread":false,"checked":null,"children":[{"type":"paragraph","children":[{"type":"inlineCode","value":"src/pages/index.js"},{"type":"text","value":" → "},{"type":"inlineCode","value":"localhost:3000/"}]}]},{"type":"listItem","spread":false,"checked":null,"children":[{"type":"paragraph","children":[{"type":"inlineCode","value":"src/pages/foo.md"},{"type":"text","value":" → "},{"type":"inlineCode","value":"localhost:3000/foo"}]}]},{"type":"listItem","spread":false,"checked":null,"children":[{"type":"paragraph","children":[{"type":"inlineCode","value":"src/pages/foo/bar.js"},{"type":"text","value":" → "},{"type":"inlineCode","value":"localhost:3000/foo/bar"}]}]}]},{"type":"heading","depth":2,"children":[{"type":"text","value":"Create your first React Page"}]},{"type":"paragraph","children":[{"type":"text","value":"Create a file at "},{"type":"inlineCode","value":"src/pages/my-react-page.js"},{"type":"text","value":":"}]},{"type":"code","lang":"jsx","meta":"title=\"src/pages/my-react-page.js\"","value":"import React from 'react';\nimport Layout from '@theme/Layout';\n\nexport default function MyReactPage() {\n  return (\n    <Layout>\n      <h1>My React page</h1>\n      <p>This is a React page</p>\n    </Layout>\n  );\n}"},{"type":"paragraph","children":[{"type":"text","value":"A new page is now available at "},{"type":"link","title":null,"url":"http://localhost:3000/my-react-page","children":[{"type":"text","value":"http://localhost:3000/my-react-page"}]},{"type":"text","value":"."}]},{"type":"heading","depth":2,"children":[{"type":"text","value":"Create your first Markdown Page"}]},{"type":"paragraph","children":[{"type":"text","value":"Create a file at "},{"type":"inlineCode","value":"src/pages/my-markdown-page.md"},{"type":"text","value":":"}]},{"type":"code","lang":"mdx","meta":"title=\"src/pages/my-markdown-page.md\"","value":"# My Markdown page\n\nThis is a Markdown page"},{"type":"paragraph","children":[{"type":"text","value":"A new page is now available at "},{"type":"link","title":null,"url":"http://localhost:3000/my-markdown-page","children":[{"type":"text","value":"http://localhost:3000/my-markdown-page"}]},{"type":"text","value":"."}]}]}