{"type":"root","children":[{"type":"thematicBreak"},{"type":"heading","depth":2,"children":[{"type":"text","value":"sidebar_position: 2"}]},{"type":"heading","depth":1,"children":[{"type":"text","value":"Create a Document"}]},{"type":"paragraph","children":[{"type":"text","value":"Documents are "},{"type":"strong","children":[{"type":"text","value":"groups of pages"}]},{"type":"text","value":" connected through:"}]},{"type":"list","ordered":false,"start":null,"spread":false,"children":[{"type":"listItem","spread":false,"checked":null,"children":[{"type":"paragraph","children":[{"type":"text","value":"a "},{"type":"strong","children":[{"type":"text","value":"sidebar"}]}]}]},{"type":"listItem","spread":false,"checked":null,"children":[{"type":"paragraph","children":[{"type":"strong","children":[{"type":"text","value":"previous/next navigation"}]}]}]},{"type":"listItem","spread":false,"checked":null,"children":[{"type":"paragraph","children":[{"type":"strong","children":[{"type":"text","value":"versioning"}]}]}]}]},{"type":"heading","depth":2,"children":[{"type":"text","value":"Create your first Doc"}]},{"type":"paragraph","children":[{"type":"text","value":"Create a Markdown file at "},{"type":"inlineCode","value":"docs/hello.md"},{"type":"text","value":":"}]},{"type":"code","lang":"md","meta":"title=\"docs/hello.md\"","value":"# Hello\n\nThis is my **first Docusaurus document**!"},{"type":"paragraph","children":[{"type":"text","value":"A new document is now available at "},{"type":"link","title":null,"url":"http://localhost:3000/docs/hello","children":[{"type":"text","value":"http://localhost:3000/docs/hello"}]},{"type":"text","value":"."}]},{"type":"heading","depth":2,"children":[{"type":"text","value":"Configure the Sidebar"}]},{"type":"paragraph","children":[{"type":"text","value":"Docusaurus automatically "},{"type":"strong","children":[{"type":"text","value":"creates a sidebar"}]},{"type":"text","value":" from the "},{"type":"inlineCode","value":"docs"},{"type":"text","value":" folder."}]},{"type":"paragraph","children":[{"type":"text","value":"Add metadata to customize the sidebar label and position:"}]},{"type":"code","lang":"md","meta":"title=\"docs/hello.md\" {1-4}","value":"---\nsidebar_label: 'Hi!'\nsidebar_position: 3\n---\n\n# Hello\n\nThis is my **first Docusaurus document**!"},{"type":"paragraph","children":[{"type":"text","value":"It is also possible to create your sidebar explicitly in "},{"type":"inlineCode","value":"sidebars.js"},{"type":"text","value":":"}]},{"type":"code","lang":"js","meta":"title=\"sidebars.js\"","value":"module.exports = {\n  tutorialSidebar: [\n    'intro',\n    // highlight-next-line\n    'hello',\n    {\n      type: 'category',\n      label: 'Tutorial',\n      items: ['tutorial-basics/create-a-document'],\n    },\n  ],\n};"}]}