{"type":"root","children":[{"type":"thematicBreak"},{"type":"heading","depth":2,"children":[{"type":"text","value":"sidebar_position: 5"}]},{"type":"heading","depth":1,"children":[{"type":"text","value":"Deploy your site"}]},{"type":"paragraph","children":[{"type":"text","value":"Docusaurus is a "},{"type":"strong","children":[{"type":"text","value":"static-site-generator"}]},{"type":"text","value":" (also called "},{"type":"strong","children":[{"type":"link","title":null,"url":"https://jamstack.org/","children":[{"type":"text","value":"Jamstack"}]}]},{"type":"text","value":")."}]},{"type":"paragraph","children":[{"type":"text","value":"It builds your site as simple "},{"type":"strong","children":[{"type":"text","value":"static HTML, JavaScript and CSS files"}]},{"type":"text","value":"."}]},{"type":"heading","depth":2,"children":[{"type":"text","value":"Build your site"}]},{"type":"paragraph","children":[{"type":"text","value":"Build your site "},{"type":"strong","children":[{"type":"text","value":"for production"}]},{"type":"text","value":":"}]},{"type":"code","lang":"bash","meta":null,"value":"npm run build"},{"type":"paragraph","children":[{"type":"text","value":"The static files are generated in the "},{"type":"inlineCode","value":"build"},{"type":"text","value":" folder."}]},{"type":"heading","depth":2,"children":[{"type":"text","value":"Deploy your site"}]},{"type":"paragraph","children":[{"type":"text","value":"Test your production build locally:"}]},{"type":"code","lang":"bash","meta":null,"value":"npm run serve"},{"type":"paragraph","children":[{"type":"text","value":"The "},{"type":"inlineCode","value":"build"},{"type":"text","value":" folder is now served at "},{"type":"link","title":null,"url":"http://localhost:3000/","children":[{"type":"text","value":"http://localhost:3000/"}]},{"type":"text","value":"."}]},{"type":"paragraph","children":[{"type":"text","value":"You can now deploy the "},{"type":"inlineCode","value":"build"},{"type":"text","value":" folder "},{"type":"strong","children":[{"type":"text","value":"almost anywhere"}]},{"type":"text","value":" easily, "},{"type":"strong","children":[{"type":"text","value":"for free"}]},{"type":"text","value":" or very small cost (read the "},{"type":"strong","children":[{"type":"link","title":null,"url":"https://docusaurus.io/docs/deployment","children":[{"type":"text","value":"Deployment Guide"}]}]},{"type":"text","value":")."}]}]}