{"type":"root","children":[{"type":"thematicBreak"},{"type":"heading","depth":2,"children":[{"type":"text","value":"sidebar_position: 4"}]},{"type":"heading","depth":1,"children":[{"type":"text","value":"Markdown Features"}]},{"type":"paragraph","children":[{"type":"text","value":"Docusaurus supports "},{"type":"strong","children":[{"type":"link","title":null,"url":"https://daringfireball.net/projects/markdown/syntax","children":[{"type":"text","value":"Markdown"}]}]},{"type":"text","value":" and a few "},{"type":"strong","children":[{"type":"text","value":"additional features"}]},{"type":"text","value":"."}]},{"type":"heading","depth":2,"children":[{"type":"text","value":"Front Matter"}]},{"type":"paragraph","children":[{"type":"text","value":"Markdown documents have metadata at the top called "},{"type":"link","title":null,"url":"https://jekyllrb.com/docs/front-matter/","children":[{"type":"text","value":"Front Matter"}]},{"type":"text","value":":"}]},{"type":"code","lang":"text","meta":"title=\"my-doc.md\"","value":"// highlight-start\n---\nid: my-doc-id\ntitle: My document title\ndescription: My document description\nslug: /my-custom-url\n---\n// highlight-end\n\n## Markdown heading\n\nMarkdown text with [links](./hello.md)"},{"type":"heading","depth":2,"children":[{"type":"text","value":"Links"}]},{"type":"paragraph","children":[{"type":"text","value":"Regular Markdown links are supported, using url paths or relative file paths."}]},{"type":"code","lang":"md","meta":null,"value":"Let's see how to [Create a page](/create-a-page)."},{"type":"code","lang":"md","meta":null,"value":"Let's see how to [Create a page](./create-a-page.md)."},{"type":"paragraph","children":[{"type":"strong","children":[{"type":"text","value":"Result:"}]},{"type":"text","value":" Let's see how to "},{"type":"link","title":null,"url":"./create-a-page.md","children":[{"type":"text","value":"Create a page"}]},{"type":"text","value":"."}]},{"type":"heading","depth":2,"children":[{"type":"text","value":"Images"}]},{"type":"paragraph","children":[{"type":"text","value":"Regular Markdown images are supported."}]},{"type":"paragraph","children":[{"type":"text","value":"You can use absolute paths to reference images in the static directory ("},{"type":"inlineCode","value":"static/img/docusaurus.png"},{"type":"text","value":"):"}]},{"type":"code","lang":"md","meta":null,"value":"![Docusaurus logo](/img/docusaurus.png)"},{"type":"paragraph","children":[{"type":"image","title":null,"url":"/img/docusaurus.png","alt":"Docusaurus logo"}]},{"type":"paragraph","children":[{"type":"text","value":"You can reference images relative to the current file as well. This is particularly useful to colocate images close to the Markdown files using them:"}]},{"type":"code","lang":"md","meta":null,"value":"![Docusaurus logo](./img/docusaurus.png)"},{"type":"heading","depth":2,"children":[{"type":"text","value":"Code Blocks"}]},{"type":"paragraph","children":[{"type":"text","value":"Markdown code blocks are supported with Syntax highlighting."}]},{"type":"code","lang":null,"meta":null,"value":"```jsx title=\"src/components/HelloDocusaurus.js\"\nfunction HelloDocusaurus() {\n    return (\n        <h1>Hello, Docusaurus!</h1>\n    )\n}\n```"},{"type":"code","lang":"jsx","meta":"title=\"src/components/HelloDocusaurus.js\"","value":"function HelloDocusaurus() {\n  return <h1>Hello, Docusaurus!</h1>;\n}"},{"type":"heading","depth":2,"children":[{"type":"text","value":"Admonitions"}]},{"type":"paragraph","children":[{"type":"text","value":"Docusaurus has a special syntax to create admonitions and callouts:"}]},{"type":"code","lang":null,"meta":null,"value":":::tip My tip\n\nUse this awesome feature option\n\n:::\n\n:::danger Take care\n\nThis action is dangerous\n\n:::"},{"type":"paragraph","children":[{"type":"text","value":":::tip My tip"}]},{"type":"paragraph","children":[{"type":"text","value":"Use this awesome feature option"}]},{"type":"paragraph","children":[{"type":"text","value":":::"}]},{"type":"paragraph","children":[{"type":"text","value":":::danger Take care"}]},{"type":"paragraph","children":[{"type":"text","value":"This action is dangerous"}]},{"type":"paragraph","children":[{"type":"text","value":":::"}]},{"type":"heading","depth":2,"children":[{"type":"text","value":"MDX and React Components"}]},{"type":"paragraph","children":[{"type":"link","title":null,"url":"https://mdxjs.com/","children":[{"type":"text","value":"MDX"}]},{"type":"text","value":" can make your documentation more "},{"type":"strong","children":[{"type":"text","value":"interactive"}]},{"type":"text","value":" and allows using any "},{"type":"strong","children":[{"type":"text","value":"React components inside Markdown"}]},{"type":"text","value":":"}]},{"type":"code","lang":"jsx","meta":null,"value":"export const Highlight = ({children, color}) => (\n  <span\n    style={{\n      backgroundColor: color,\n      borderRadius: '20px',\n      color: '#fff',\n      padding: '10px',\n      cursor: 'pointer',\n    }}\n    onClick={() => {\n      alert(`You clicked the color ${color} with label ${children}`)\n    }}>\n    {children}\n  </span>\n);\n\nThis is <Highlight color=\"#25c2a0\">Docusaurus green</Highlight> !\n\nThis is <Highlight color=\"#1877F2\">Facebook blue</Highlight> !"},{"type":"paragraph","children":[{"type":"text","value":"export const Highlight = ({children, color}) => (\n<span\nstyle={{\nbackgroundColor: color,\nborderRadius: '20px',\ncolor: '#fff',\npadding: '10px',\ncursor: 'pointer',\n}}\nonClick={() => {\nalert("},{"type":"inlineCode","value":"You clicked the color ${color} with label ${children}"},{"type":"text","value":");\n}}>\n{children}\n"},{"type":"html","value":"</span>"},{"type":"text","value":"\n);"}]},{"type":"paragraph","children":[{"type":"text","value":"This is "},{"type":"html","value":"<Highlight color=\"#25c2a0\">"},{"type":"text","value":"Docusaurus green"},{"type":"html","value":"</Highlight>"},{"type":"text","value":" !"}]},{"type":"paragraph","children":[{"type":"text","value":"This is "},{"type":"html","value":"<Highlight color=\"#1877F2\">"},{"type":"text","value":"Facebook blue"},{"type":"html","value":"</Highlight>"},{"type":"text","value":" !"}]}]}