{
  "type": "root",
  "children": [
    {
      "type": "heading",
      "depth": 1,
      "children": [
        {
          "type": "text",
          "value": "Congratulations!",
          "position": {
            "start": {
              "line": 1,
              "column": 3,
              "offset": 2
            },
            "end": {
              "line": 1,
              "column": 19,
              "offset": 18
            },
            "indent": []
          }
        }
      ],
      "position": {
        "start": {
          "line": 1,
          "column": 1,
          "offset": 0
        },
        "end": {
          "line": 1,
          "column": 19,
          "offset": 18
        },
        "indent": []
      }
    },
    {
      "type": "paragraph",
      "children": [
        {
          "type": "text",
          "value": "You have just learned the ",
          "position": {
            "start": {
              "line": 3,
              "column": 1,
              "offset": 20
            },
            "end": {
              "line": 3,
              "column": 27,
              "offset": 46
            },
            "indent": []
          }
        },
        {
          "type": "strong",
          "children": [
            {
              "type": "text",
              "value": "basics of Docusaurus",
              "position": {
                "start": {
                  "line": 3,
                  "column": 29,
                  "offset": 48
                },
                "end": {
                  "line": 3,
                  "column": 49,
                  "offset": 68
                },
                "indent": []
              }
            }
          ],
          "position": {
            "start": {
              "line": 3,
              "column": 27,
              "offset": 46
            },
            "end": {
              "line": 3,
              "column": 51,
              "offset": 70
            },
            "indent": []
          }
        },
        {
          "type": "text",
          "value": " and made some changes to the ",
          "position": {
            "start": {
              "line": 3,
              "column": 51,
              "offset": 70
            },
            "end": {
              "line": 3,
              "column": 81,
              "offset": 100
            },
            "indent": []
          }
        },
        {
          "type": "strong",
          "children": [
            {
              "type": "text",
              "value": "initial template",
              "position": {
                "start": {
                  "line": 3,
                  "column": 83,
                  "offset": 102
                },
                "end": {
                  "line": 3,
                  "column": 99,
                  "offset": 118
                },
                "indent": []
              }
            }
          ],
          "position": {
            "start": {
              "line": 3,
              "column": 81,
              "offset": 100
            },
            "end": {
              "line": 3,
              "column": 101,
              "offset": 120
            },
            "indent": []
          }
        },
        {
          "type": "text",
          "value": ".",
          "position": {
            "start": {
              "line": 3,
              "column": 101,
              "offset": 120
            },
            "end": {
              "line": 3,
              "column": 102,
              "offset": 121
            },
            "indent": []
          }
        }
      ],
      "position": {
        "start": {
          "line": 3,
          "column": 1,
          "offset": 20
        },
        "end": {
          "line": 3,
          "column": 102,
          "offset": 121
        },
        "indent": []
      }
    },
    {
      "type": "paragraph",
      "children": [
        {
          "type": "text",
          "value": "Docusaurus has ",
          "position": {
            "start": {
              "line": 5,
              "column": 1,
              "offset": 123
            },
            "end": {
              "line": 5,
              "column": 16,
              "offset": 138
            },
            "indent": []
          }
        },
        {
          "type": "strong",
          "children": [
            {
              "type": "text",
              "value": "much more to offer",
              "position": {
                "start": {
                  "line": 5,
                  "column": 18,
                  "offset": 140
                },
                "end": {
                  "line": 5,
                  "column": 36,
                  "offset": 158
                },
                "indent": []
              }
            }
          ],
          "position": {
            "start": {
              "line": 5,
              "column": 16,
              "offset": 138
            },
            "end": {
              "line": 5,
              "column": 38,
              "offset": 160
            },
            "indent": []
          }
        },
        {
          "type": "text",
          "value": "!",
          "position": {
            "start": {
              "line": 5,
              "column": 38,
              "offset": 160
            },
            "end": {
              "line": 5,
              "column": 39,
              "offset": 161
            },
            "indent": []
          }
        }
      ],
      "position": {
        "start": {
          "line": 5,
          "column": 1,
          "offset": 123
        },
        "end": {
          "line": 5,
          "column": 39,
          "offset": 161
        },
        "indent": []
      }
    },
    {
      "type": "paragraph",
      "children": [
        {
          "type": "text",
          "value": "Have ",
          "position": {
            "start": {
              "line": 7,
              "column": 1,
              "offset": 163
            },
            "end": {
              "line": 7,
              "column": 6,
              "offset": 168
            },
            "indent": []
          }
        },
        {
          "type": "strong",
          "children": [
            {
              "type": "text",
              "value": "5 more minutes",
              "position": {
                "start": {
                  "line": 7,
                  "column": 8,
                  "offset": 170
                },
                "end": {
                  "line": 7,
                  "column": 22,
                  "offset": 184
                },
                "indent": []
              }
            }
          ],
          "position": {
            "start": {
              "line": 7,
              "column": 6,
              "offset": 168
            },
            "end": {
              "line": 7,
              "column": 24,
              "offset": 186
            },
            "indent": []
          }
        },
        {
          "type": "text",
          "value": "? Take a look at ",
          "position": {
            "start": {
              "line": 7,
              "column": 24,
              "offset": 186
            },
            "end": {
              "line": 7,
              "column": 41,
              "offset": 203
            },
            "indent": []
          }
        },
        {
          "type": "strong",
          "children": [
            {
              "type": "link",
              "title": null,
              "url": "/docs/tutorial-extras/manage-docs-versions",
              "children": [
                {
                  "type": "text",
                  "value": "versioning",
                  "position": {
                    "start": {
                      "line": 7,
                      "column": 44,
                      "offset": 206
                    },
                    "end": {
                      "line": 7,
                      "column": 54,
                      "offset": 216
                    },
                    "indent": []
                  }
                }
              ],
              "position": {
                "start": {
                  "line": 7,
                  "column": 43,
                  "offset": 205
                },
                "end": {
                  "line": 7,
                  "column": 99,
                  "offset": 261
                },
                "indent": []
              }
            }
          ],
          "position": {
            "start": {
              "line": 7,
              "column": 41,
              "offset": 203
            },
            "end": {
              "line": 7,
              "column": 101,
              "offset": 263
            },
            "indent": []
          }
        },
        {
          "type": "text",
          "value": " and ",
          "position": {
            "start": {
              "line": 7,
              "column": 101,
              "offset": 263
            },
            "end": {
              "line": 7,
              "column": 106,
              "offset": 268
            },
            "indent": []
          }
        },
        {
          "type": "strong",
          "children": [
            {
              "type": "link",
              "title": null,
              "url": "/docs/tutorial-extras/translate-your-site",
              "children": [
                {
                  "type": "text",
                  "value": "i18n",
                  "position": {
                    "start": {
                      "line": 7,
                      "column": 109,
                      "offset": 271
                    },
                    "end": {
                      "line": 7,
                      "column": 113,
                      "offset": 275
                    },
                    "indent": []
                  }
                }
              ],
              "position": {
                "start": {
                  "line": 7,
                  "column": 108,
                  "offset": 270
                },
                "end": {
                  "line": 7,
                  "column": 157,
                  "offset": 319
                },
                "indent": []
              }
            }
          ],
          "position": {
            "start": {
              "line": 7,
              "column": 106,
              "offset": 268
            },
            "end": {
              "line": 7,
              "column": 159,
              "offset": 321
            },
            "indent": []
          }
        },
        {
          "type": "text",
          "value": ".",
          "position": {
            "start": {
              "line": 7,
              "column": 159,
              "offset": 321
            },
            "end": {
              "line": 7,
              "column": 160,
              "offset": 322
            },
            "indent": []
          }
        }
      ],
      "position": {
        "start": {
          "line": 7,
          "column": 1,
          "offset": 163
        },
        "end": {
          "line": 7,
          "column": 160,
          "offset": 322
        },
        "indent": []
      }
    },
    {
      "type": "paragraph",
      "children": [
        {
          "type": "text",
          "value": "Anything ",
          "position": {
            "start": {
              "line": 9,
              "column": 1,
              "offset": 324
            },
            "end": {
              "line": 9,
              "column": 10,
              "offset": 333
            },
            "indent": []
          }
        },
        {
          "type": "strong",
          "children": [
            {
              "type": "text",
              "value": "unclear",
              "position": {
                "start": {
                  "line": 9,
                  "column": 12,
                  "offset": 335
                },
                "end": {
                  "line": 9,
                  "column": 19,
                  "offset": 342
                },
                "indent": []
              }
            }
          ],
          "position": {
            "start": {
              "line": 9,
              "column": 10,
              "offset": 333
            },
            "end": {
              "line": 9,
              "column": 21,
              "offset": 344
            },
            "indent": []
          }
        },
        {
          "type": "text",
          "value": " or ",
          "position": {
            "start": {
              "line": 9,
              "column": 21,
              "offset": 344
            },
            "end": {
              "line": 9,
              "column": 25,
              "offset": 348
            },
            "indent": []
          }
        },
        {
          "type": "strong",
          "children": [
            {
              "type": "text",
              "value": "buggy",
              "position": {
                "start": {
                  "line": 9,
                  "column": 27,
                  "offset": 350
                },
                "end": {
                  "line": 9,
                  "column": 32,
                  "offset": 355
                },
                "indent": []
              }
            }
          ],
          "position": {
            "start": {
              "line": 9,
              "column": 25,
              "offset": 348
            },
            "end": {
              "line": 9,
              "column": 34,
              "offset": 357
            },
            "indent": []
          }
        },
        {
          "type": "text",
          "value": " in this tutorial? ",
          "position": {
            "start": {
              "line": 9,
              "column": 34,
              "offset": 357
            },
            "end": {
              "line": 9,
              "column": 53,
              "offset": 376
            },
            "indent": []
          }
        },
        {
          "type": "link",
          "title": null,
          "url": "https://github.com/facebook/docusaurus/discussions/4610",
          "children": [
            {
              "type": "text",
              "value": "Please report it!",
              "position": {
                "start": {
                  "line": 9,
                  "column": 54,
                  "offset": 377
                },
                "end": {
                  "line": 9,
                  "column": 71,
                  "offset": 394
                },
                "indent": []
              }
            }
          ],
          "position": {
            "start": {
              "line": 9,
              "column": 53,
              "offset": 376
            },
            "end": {
              "line": 9,
              "column": 129,
              "offset": 452
            },
            "indent": []
          }
        }
      ],
      "position": {
        "start": {
          "line": 9,
          "column": 1,
          "offset": 324
        },
        "end": {
          "line": 9,
          "column": 129,
          "offset": 452
        },
        "indent": []
      }
    },
    {
      "type": "heading",
      "depth": 2,
      "children": [
        {
          "type": "text",
          "value": "What's next?",
          "position": {
            "start": {
              "line": 11,
              "column": 4,
              "offset": 457
            },
            "end": {
              "line": 11,
              "column": 16,
              "offset": 469
            },
            "indent": []
          }
        }
      ],
      "position": {
        "start": {
          "line": 11,
          "column": 1,
          "offset": 454
        },
        "end": {
          "line": 11,
          "column": 16,
          "offset": 469
        },
        "indent": []
      }
    },
    {
      "type": "list",
      "ordered": false,
      "start": null,
      "spread": false,
      "children": [
        {
          "type": "listItem",
          "spread": false,
          "checked": null,
          "children": [
            {
              "type": "paragraph",
              "children": [
                {
                  "type": "text",
                  "value": "Read the ",
                  "position": {
                    "start": {
                      "line": 13,
                      "column": 3,
                      "offset": 473
                    },
                    "end": {
                      "line": 13,
                      "column": 12,
                      "offset": 482
                    },
                    "indent": []
                  }
                },
                {
                  "type": "link",
                  "title": null,
                  "url": "https://docusaurus.io/",
                  "children": [
                    {
                      "type": "text",
                      "value": "official documentation",
                      "position": {
                        "start": {
                          "line": 13,
                          "column": 13,
                          "offset": 483
                        },
                        "end": {
                          "line": 13,
                          "column": 35,
                          "offset": 505
                        },
                        "indent": []
                      }
                    }
                  ],
                  "position": {
                    "start": {
                      "line": 13,
                      "column": 12,
                      "offset": 482
                    },
                    "end": {
                      "line": 13,
                      "column": 60,
                      "offset": 530
                    },
                    "indent": []
                  }
                }
              ],
              "position": {
                "start": {
                  "line": 13,
                  "column": 3,
                  "offset": 473
                },
                "end": {
                  "line": 13,
                  "column": 60,
                  "offset": 530
                },
                "indent": []
              }
            }
          ],
          "position": {
            "start": {
              "line": 13,
              "column": 1,
              "offset": 471
            },
            "end": {
              "line": 13,
              "column": 60,
              "offset": 530
            },
            "indent": []
          }
        },
        {
          "type": "listItem",
          "spread": false,
          "checked": null,
          "children": [
            {
              "type": "paragraph",
              "children": [
                {
                  "type": "text",
                  "value": "Modify your site configuration with ",
                  "position": {
                    "start": {
                      "line": 14,
                      "column": 3,
                      "offset": 533
                    },
                    "end": {
                      "line": 14,
                      "column": 39,
                      "offset": 569
                    },
                    "indent": []
                  }
                },
                {
                  "type": "link",
                  "title": null,
                  "url": "https://docusaurus.io/docs/api/docusaurus-config",
                  "children": [
                    {
                      "type": "inlineCode",
                      "value": "docusaurus.config.js",
                      "position": {
                        "start": {
                          "line": 14,
                          "column": 40,
                          "offset": 570
                        },
                        "end": {
                          "line": 14,
                          "column": 62,
                          "offset": 592
                        },
                        "indent": []
                      }
                    }
                  ],
                  "position": {
                    "start": {
                      "line": 14,
                      "column": 39,
                      "offset": 569
                    },
                    "end": {
                      "line": 14,
                      "column": 113,
                      "offset": 643
                    },
                    "indent": []
                  }
                }
              ],
              "position": {
                "start": {
                  "line": 14,
                  "column": 3,
                  "offset": 533
                },
                "end": {
                  "line": 14,
                  "column": 113,
                  "offset": 643
                },
                "indent": []
              }
            }
          ],
          "position": {
            "start": {
              "line": 14,
              "column": 1,
              "offset": 531
            },
            "end": {
              "line": 14,
              "column": 113,
              "offset": 643
            },
            "indent": []
          }
        },
        {
          "type": "listItem",
          "spread": false,
          "checked": null,
          "children": [
            {
              "type": "paragraph",
              "children": [
                {
                  "type": "text",
                  "value": "Add navbar and footer items with ",
                  "position": {
                    "start": {
                      "line": 15,
                      "column": 3,
                      "offset": 646
                    },
                    "end": {
                      "line": 15,
                      "column": 36,
                      "offset": 679
                    },
                    "indent": []
                  }
                },
                {
                  "type": "link",
                  "title": null,
                  "url": "https://docusaurus.io/docs/api/themes/configuration",
                  "children": [
                    {
                      "type": "inlineCode",
                      "value": "themeConfig",
                      "position": {
                        "start": {
                          "line": 15,
                          "column": 37,
                          "offset": 680
                        },
                        "end": {
                          "line": 15,
                          "column": 50,
                          "offset": 693
                        },
                        "indent": []
                      }
                    }
                  ],
                  "position": {
                    "start": {
                      "line": 15,
                      "column": 36,
                      "offset": 679
                    },
                    "end": {
                      "line": 15,
                      "column": 104,
                      "offset": 747
                    },
                    "indent": []
                  }
                }
              ],
              "position": {
                "start": {
                  "line": 15,
                  "column": 3,
                  "offset": 646
                },
                "end": {
                  "line": 15,
                  "column": 104,
                  "offset": 747
                },
                "indent": []
              }
            }
          ],
          "position": {
            "start": {
              "line": 15,
              "column": 1,
              "offset": 644
            },
            "end": {
              "line": 15,
              "column": 104,
              "offset": 747
            },
            "indent": []
          }
        },
        {
          "type": "listItem",
          "spread": false,
          "checked": null,
          "children": [
            {
              "type": "paragraph",
              "children": [
                {
                  "type": "text",
                  "value": "Add a custom ",
                  "position": {
                    "start": {
                      "line": 16,
                      "column": 3,
                      "offset": 750
                    },
                    "end": {
                      "line": 16,
                      "column": 16,
                      "offset": 763
                    },
                    "indent": []
                  }
                },
                {
                  "type": "link",
                  "title": null,
                  "url": "https://docusaurus.io/docs/styling-layout",
                  "children": [
                    {
                      "type": "text",
                      "value": "Design and Layout",
                      "position": {
                        "start": {
                          "line": 16,
                          "column": 17,
                          "offset": 764
                        },
                        "end": {
                          "line": 16,
                          "column": 34,
                          "offset": 781
                        },
                        "indent": []
                      }
                    }
                  ],
                  "position": {
                    "start": {
                      "line": 16,
                      "column": 16,
                      "offset": 763
                    },
                    "end": {
                      "line": 16,
                      "column": 78,
                      "offset": 825
                    },
                    "indent": []
                  }
                }
              ],
              "position": {
                "start": {
                  "line": 16,
                  "column": 3,
                  "offset": 750
                },
                "end": {
                  "line": 16,
                  "column": 78,
                  "offset": 825
                },
                "indent": []
              }
            }
          ],
          "position": {
            "start": {
              "line": 16,
              "column": 1,
              "offset": 748
            },
            "end": {
              "line": 16,
              "column": 78,
              "offset": 825
            },
            "indent": []
          }
        },
        {
          "type": "listItem",
          "spread": false,
          "checked": null,
          "children": [
            {
              "type": "paragraph",
              "children": [
                {
                  "type": "text",
                  "value": "Add a ",
                  "position": {
                    "start": {
                      "line": 17,
                      "column": 3,
                      "offset": 828
                    },
                    "end": {
                      "line": 17,
                      "column": 9,
                      "offset": 834
                    },
                    "indent": []
                  }
                },
                {
                  "type": "link",
                  "title": null,
                  "url": "https://docusaurus.io/docs/search",
                  "children": [
                    {
                      "type": "text",
                      "value": "search bar",
                      "position": {
                        "start": {
                          "line": 17,
                          "column": 10,
                          "offset": 835
                        },
                        "end": {
                          "line": 17,
                          "column": 20,
                          "offset": 845
                        },
                        "indent": []
                      }
                    }
                  ],
                  "position": {
                    "start": {
                      "line": 17,
                      "column": 9,
                      "offset": 834
                    },
                    "end": {
                      "line": 17,
                      "column": 56,
                      "offset": 881
                    },
                    "indent": []
                  }
                }
              ],
              "position": {
                "start": {
                  "line": 17,
                  "column": 3,
                  "offset": 828
                },
                "end": {
                  "line": 17,
                  "column": 56,
                  "offset": 881
                },
                "indent": []
              }
            }
          ],
          "position": {
            "start": {
              "line": 17,
              "column": 1,
              "offset": 826
            },
            "end": {
              "line": 17,
              "column": 56,
              "offset": 881
            },
            "indent": []
          }
        },
        {
          "type": "listItem",
          "spread": false,
          "checked": null,
          "children": [
            {
              "type": "paragraph",
              "children": [
                {
                  "type": "text",
                  "value": "Find inspirations in the ",
                  "position": {
                    "start": {
                      "line": 18,
                      "column": 3,
                      "offset": 884
                    },
                    "end": {
                      "line": 18,
                      "column": 28,
                      "offset": 909
                    },
                    "indent": []
                  }
                },
                {
                  "type": "link",
                  "title": null,
                  "url": "https://docusaurus.io/showcase",
                  "children": [
                    {
                      "type": "text",
                      "value": "Docusaurus showcase",
                      "position": {
                        "start": {
                          "line": 18,
                          "column": 29,
                          "offset": 910
                        },
                        "end": {
                          "line": 18,
                          "column": 48,
                          "offset": 929
                        },
                        "indent": []
                      }
                    }
                  ],
                  "position": {
                    "start": {
                      "line": 18,
                      "column": 28,
                      "offset": 909
                    },
                    "end": {
                      "line": 18,
                      "column": 81,
                      "offset": 962
                    },
                    "indent": []
                  }
                }
              ],
              "position": {
                "start": {
                  "line": 18,
                  "column": 3,
                  "offset": 884
                },
                "end": {
                  "line": 18,
                  "column": 81,
                  "offset": 962
                },
                "indent": []
              }
            }
          ],
          "position": {
            "start": {
              "line": 18,
              "column": 1,
              "offset": 882
            },
            "end": {
              "line": 18,
              "column": 81,
              "offset": 962
            },
            "indent": []
          }
        },
        {
          "type": "listItem",
          "spread": false,
          "checked": null,
          "children": [
            {
              "type": "paragraph",
              "children": [
                {
                  "type": "text",
                  "value": "Get involved in the ",
                  "position": {
                    "start": {
                      "line": 19,
                      "column": 3,
                      "offset": 965
                    },
                    "end": {
                      "line": 19,
                      "column": 23,
                      "offset": 985
                    },
                    "indent": []
                  }
                },
                {
                  "type": "link",
                  "title": null,
                  "url": "https://docusaurus.io/community/support",
                  "children": [
                    {
                      "type": "text",
                      "value": "Docusaurus Community",
                      "position": {
                        "start": {
                          "line": 19,
                          "column": 24,
                          "offset": 986
                        },
                        "end": {
                          "line": 19,
                          "column": 44,
                          "offset": 1006
                        },
                        "indent": []
                      }
                    }
                  ],
                  "position": {
                    "start": {
                      "line": 19,
                      "column": 23,
                      "offset": 985
                    },
                    "end": {
                      "line": 19,
                      "column": 86,
                      "offset": 1048
                    },
                    "indent": []
                  }
                }
              ],
              "position": {
                "start": {
                  "line": 19,
                  "column": 3,
                  "offset": 965
                },
                "end": {
                  "line": 19,
                  "column": 86,
                  "offset": 1048
                },
                "indent": []
              }
            }
          ],
          "position": {
            "start": {
              "line": 19,
              "column": 1,
              "offset": 963
            },
            "end": {
              "line": 19,
              "column": 86,
              "offset": 1048
            },
            "indent": []
          }
        }
      ],
      "position": {
        "start": {
          "line": 13,
          "column": 1,
          "offset": 471
        },
        "end": {
          "line": 19,
          "column": 86,
          "offset": 1048
        },
        "indent": [
          1,
          1,
          1,
          1,
          1,
          1
        ]
      }
    }
  ],
  "position": {
    "start": {
      "line": 1,
      "column": 1,
      "offset": 0
    },
    "end": {
      "line": 19,
      "column": 86,
      "offset": 1048
    }
  }
}