{
  "type": "root",
  "children": [
    {
      "type": "heading",
      "depth": 1,
      "children": [
        {
          "type": "text",
          "value": "Create a Page",
          "position": {
            "start": {
              "line": 1,
              "column": 3,
              "offset": 2
            },
            "end": {
              "line": 1,
              "column": 16,
              "offset": 15
            },
            "indent": []
          }
        }
      ],
      "position": {
        "start": {
          "line": 1,
          "column": 1,
          "offset": 0
        },
        "end": {
          "line": 1,
          "column": 16,
          "offset": 15
        },
        "indent": []
      }
    },
    {
      "type": "paragraph",
      "children": [
        {
          "type": "text",
          "value": "Add ",
          "position": {
            "start": {
              "line": 3,
              "column": 1,
              "offset": 17
            },
            "end": {
              "line": 3,
              "column": 5,
              "offset": 21
            },
            "indent": []
          }
        },
        {
          "type": "strong",
          "children": [
            {
              "type": "text",
              "value": "Markdown or React",
              "position": {
                "start": {
                  "line": 3,
                  "column": 7,
                  "offset": 23
                },
                "end": {
                  "line": 3,
                  "column": 24,
                  "offset": 40
                },
                "indent": []
              }
            }
          ],
          "position": {
            "start": {
              "line": 3,
              "column": 5,
              "offset": 21
            },
            "end": {
              "line": 3,
              "column": 26,
              "offset": 42
            },
            "indent": []
          }
        },
        {
          "type": "text",
          "value": " files to ",
          "position": {
            "start": {
              "line": 3,
              "column": 26,
              "offset": 42
            },
            "end": {
              "line": 3,
              "column": 36,
              "offset": 52
            },
            "indent": []
          }
        },
        {
          "type": "inlineCode",
          "value": "src/pages",
          "position": {
            "start": {
              "line": 3,
              "column": 36,
              "offset": 52
            },
            "end": {
              "line": 3,
              "column": 47,
              "offset": 63
            },
            "indent": []
          }
        },
        {
          "type": "text",
          "value": " to create a ",
          "position": {
            "start": {
              "line": 3,
              "column": 47,
              "offset": 63
            },
            "end": {
              "line": 3,
              "column": 60,
              "offset": 76
            },
            "indent": []
          }
        },
        {
          "type": "strong",
          "children": [
            {
              "type": "text",
              "value": "standalone page",
              "position": {
                "start": {
                  "line": 3,
                  "column": 62,
                  "offset": 78
                },
                "end": {
                  "line": 3,
                  "column": 77,
                  "offset": 93
                },
                "indent": []
              }
            }
          ],
          "position": {
            "start": {
              "line": 3,
              "column": 60,
              "offset": 76
            },
            "end": {
              "line": 3,
              "column": 79,
              "offset": 95
            },
            "indent": []
          }
        },
        {
          "type": "text",
          "value": ":",
          "position": {
            "start": {
              "line": 3,
              "column": 79,
              "offset": 95
            },
            "end": {
              "line": 3,
              "column": 80,
              "offset": 96
            },
            "indent": []
          }
        }
      ],
      "position": {
        "start": {
          "line": 3,
          "column": 1,
          "offset": 17
        },
        "end": {
          "line": 3,
          "column": 80,
          "offset": 96
        },
        "indent": []
      }
    },
    {
      "type": "list",
      "ordered": false,
      "start": null,
      "spread": false,
      "children": [
        {
          "type": "listItem",
          "spread": false,
          "checked": null,
          "children": [
            {
              "type": "paragraph",
              "children": [
                {
                  "type": "inlineCode",
                  "value": "src/pages/index.js",
                  "position": {
                    "start": {
                      "line": 5,
                      "column": 3,
                      "offset": 100
                    },
                    "end": {
                      "line": 5,
                      "column": 23,
                      "offset": 120
                    },
                    "indent": []
                  }
                },
                {
                  "type": "text",
                  "value": " → ",
                  "position": {
                    "start": {
                      "line": 5,
                      "column": 23,
                      "offset": 120
                    },
                    "end": {
                      "line": 5,
                      "column": 26,
                      "offset": 123
                    },
                    "indent": []
                  }
                },
                {
                  "type": "inlineCode",
                  "value": "localhost:3000/",
                  "position": {
                    "start": {
                      "line": 5,
                      "column": 26,
                      "offset": 123
                    },
                    "end": {
                      "line": 5,
                      "column": 43,
                      "offset": 140
                    },
                    "indent": []
                  }
                }
              ],
              "position": {
                "start": {
                  "line": 5,
                  "column": 3,
                  "offset": 100
                },
                "end": {
                  "line": 5,
                  "column": 43,
                  "offset": 140
                },
                "indent": []
              }
            }
          ],
          "position": {
            "start": {
              "line": 5,
              "column": 1,
              "offset": 98
            },
            "end": {
              "line": 5,
              "column": 43,
              "offset": 140
            },
            "indent": []
          }
        },
        {
          "type": "listItem",
          "spread": false,
          "checked": null,
          "children": [
            {
              "type": "paragraph",
              "children": [
                {
                  "type": "inlineCode",
                  "value": "src/pages/foo.md",
                  "position": {
                    "start": {
                      "line": 6,
                      "column": 3,
                      "offset": 143
                    },
                    "end": {
                      "line": 6,
                      "column": 21,
                      "offset": 161
                    },
                    "indent": []
                  }
                },
                {
                  "type": "text",
                  "value": " → ",
                  "position": {
                    "start": {
                      "line": 6,
                      "column": 21,
                      "offset": 161
                    },
                    "end": {
                      "line": 6,
                      "column": 24,
                      "offset": 164
                    },
                    "indent": []
                  }
                },
                {
                  "type": "inlineCode",
                  "value": "localhost:3000/foo",
                  "position": {
                    "start": {
                      "line": 6,
                      "column": 24,
                      "offset": 164
                    },
                    "end": {
                      "line": 6,
                      "column": 44,
                      "offset": 184
                    },
                    "indent": []
                  }
                }
              ],
              "position": {
                "start": {
                  "line": 6,
                  "column": 3,
                  "offset": 143
                },
                "end": {
                  "line": 6,
                  "column": 44,
                  "offset": 184
                },
                "indent": []
              }
            }
          ],
          "position": {
            "start": {
              "line": 6,
              "column": 1,
              "offset": 141
            },
            "end": {
              "line": 6,
              "column": 44,
              "offset": 184
            },
            "indent": []
          }
        },
        {
          "type": "listItem",
          "spread": false,
          "checked": null,
          "children": [
            {
              "type": "paragraph",
              "children": [
                {
                  "type": "inlineCode",
                  "value": "src/pages/foo/bar.js",
                  "position": {
                    "start": {
                      "line": 7,
                      "column": 3,
                      "offset": 187
                    },
                    "end": {
                      "line": 7,
                      "column": 25,
                      "offset": 209
                    },
                    "indent": []
                  }
                },
                {
                  "type": "text",
                  "value": " → ",
                  "position": {
                    "start": {
                      "line": 7,
                      "column": 25,
                      "offset": 209
                    },
                    "end": {
                      "line": 7,
                      "column": 28,
                      "offset": 212
                    },
                    "indent": []
                  }
                },
                {
                  "type": "inlineCode",
                  "value": "localhost:3000/foo/bar",
                  "position": {
                    "start": {
                      "line": 7,
                      "column": 28,
                      "offset": 212
                    },
                    "end": {
                      "line": 7,
                      "column": 52,
                      "offset": 236
                    },
                    "indent": []
                  }
                }
              ],
              "position": {
                "start": {
                  "line": 7,
                  "column": 3,
                  "offset": 187
                },
                "end": {
                  "line": 7,
                  "column": 52,
                  "offset": 236
                },
                "indent": []
              }
            }
          ],
          "position": {
            "start": {
              "line": 7,
              "column": 1,
              "offset": 185
            },
            "end": {
              "line": 7,
              "column": 52,
              "offset": 236
            },
            "indent": []
          }
        }
      ],
      "position": {
        "start": {
          "line": 5,
          "column": 1,
          "offset": 98
        },
        "end": {
          "line": 7,
          "column": 52,
          "offset": 236
        },
        "indent": [
          1,
          1
        ]
      }
    },
    {
      "type": "heading",
      "depth": 2,
      "children": [
        {
          "type": "text",
          "value": "Create your first React Page",
          "position": {
            "start": {
              "line": 9,
              "column": 4,
              "offset": 241
            },
            "end": {
              "line": 9,
              "column": 32,
              "offset": 269
            },
            "indent": []
          }
        }
      ],
      "position": {
        "start": {
          "line": 9,
          "column": 1,
          "offset": 238
        },
        "end": {
          "line": 9,
          "column": 32,
          "offset": 269
        },
        "indent": []
      }
    },
    {
      "type": "paragraph",
      "children": [
        {
          "type": "text",
          "value": "Create a file at ",
          "position": {
            "start": {
              "line": 11,
              "column": 1,
              "offset": 271
            },
            "end": {
              "line": 11,
              "column": 18,
              "offset": 288
            },
            "indent": []
          }
        },
        {
          "type": "inlineCode",
          "value": "src/pages/my-react-page.js",
          "position": {
            "start": {
              "line": 11,
              "column": 18,
              "offset": 288
            },
            "end": {
              "line": 11,
              "column": 46,
              "offset": 316
            },
            "indent": []
          }
        },
        {
          "type": "text",
          "value": ":",
          "position": {
            "start": {
              "line": 11,
              "column": 46,
              "offset": 316
            },
            "end": {
              "line": 11,
              "column": 47,
              "offset": 317
            },
            "indent": []
          }
        }
      ],
      "position": {
        "start": {
          "line": 11,
          "column": 1,
          "offset": 271
        },
        "end": {
          "line": 11,
          "column": 47,
          "offset": 317
        },
        "indent": []
      }
    },
    {
      "type": "code",
      "lang": "jsx",
      "meta": "title=\"src/pages/my-react-page.js\"",
      "value": "import React from 'react';\nimport Layout from '@theme/Layout';\n\nexport default function MyReactPage() {\n  return (\n    <Layout>\n      <h1>My React page</h1>\n      <p>This is a React page</p>\n    </Layout>\n  );\n}",
      "position": {
        "start": {
          "line": 13,
          "column": 1,
          "offset": 319
        },
        "end": {
          "line": 25,
          "column": 4,
          "offset": 576
        },
        "indent": [
          1,
          1,
          1,
          1,
          1,
          1,
          1,
          1,
          1,
          1,
          1,
          1
        ]
      }
    },
    {
      "type": "paragraph",
      "children": [
        {
          "type": "text",
          "value": "A new page is now available at ",
          "position": {
            "start": {
              "line": 27,
              "column": 1,
              "offset": 578
            },
            "end": {
              "line": 27,
              "column": 32,
              "offset": 609
            },
            "indent": []
          }
        },
        {
          "type": "link",
          "title": null,
          "url": "http://localhost:3000/my-react-page",
          "children": [
            {
              "type": "text",
              "value": "http://localhost:3000/my-react-page",
              "position": {
                "start": {
                  "line": 27,
                  "column": 33,
                  "offset": 610
                },
                "end": {
                  "line": 27,
                  "column": 68,
                  "offset": 645
                },
                "indent": []
              }
            }
          ],
          "position": {
            "start": {
              "line": 27,
              "column": 32,
              "offset": 609
            },
            "end": {
              "line": 27,
              "column": 106,
              "offset": 683
            },
            "indent": []
          }
        },
        {
          "type": "text",
          "value": ".",
          "position": {
            "start": {
              "line": 27,
              "column": 106,
              "offset": 683
            },
            "end": {
              "line": 27,
              "column": 107,
              "offset": 684
            },
            "indent": []
          }
        }
      ],
      "position": {
        "start": {
          "line": 27,
          "column": 1,
          "offset": 578
        },
        "end": {
          "line": 27,
          "column": 107,
          "offset": 684
        },
        "indent": []
      }
    },
    {
      "type": "heading",
      "depth": 2,
      "children": [
        {
          "type": "text",
          "value": "Create your first Markdown Page",
          "position": {
            "start": {
              "line": 29,
              "column": 4,
              "offset": 689
            },
            "end": {
              "line": 29,
              "column": 35,
              "offset": 720
            },
            "indent": []
          }
        }
      ],
      "position": {
        "start": {
          "line": 29,
          "column": 1,
          "offset": 686
        },
        "end": {
          "line": 29,
          "column": 35,
          "offset": 720
        },
        "indent": []
      }
    },
    {
      "type": "paragraph",
      "children": [
        {
          "type": "text",
          "value": "Create a file at ",
          "position": {
            "start": {
              "line": 31,
              "column": 1,
              "offset": 722
            },
            "end": {
              "line": 31,
              "column": 18,
              "offset": 739
            },
            "indent": []
          }
        },
        {
          "type": "inlineCode",
          "value": "src/pages/my-markdown-page.md",
          "position": {
            "start": {
              "line": 31,
              "column": 18,
              "offset": 739
            },
            "end": {
              "line": 31,
              "column": 49,
              "offset": 770
            },
            "indent": []
          }
        },
        {
          "type": "text",
          "value": ":",
          "position": {
            "start": {
              "line": 31,
              "column": 49,
              "offset": 770
            },
            "end": {
              "line": 31,
              "column": 50,
              "offset": 771
            },
            "indent": []
          }
        }
      ],
      "position": {
        "start": {
          "line": 31,
          "column": 1,
          "offset": 722
        },
        "end": {
          "line": 31,
          "column": 50,
          "offset": 771
        },
        "indent": []
      }
    },
    {
      "type": "code",
      "lang": "mdx",
      "meta": "title=\"src/pages/my-markdown-page.md\"",
      "value": "# My Markdown page\n\nThis is a Markdown page",
      "position": {
        "start": {
          "line": 33,
          "column": 1,
          "offset": 773
        },
        "end": {
          "line": 37,
          "column": 4,
          "offset": 865
        },
        "indent": [
          1,
          1,
          1,
          1
        ]
      }
    },
    {
      "type": "paragraph",
      "children": [
        {
          "type": "text",
          "value": "A new page is now available at ",
          "position": {
            "start": {
              "line": 39,
              "column": 1,
              "offset": 867
            },
            "end": {
              "line": 39,
              "column": 32,
              "offset": 898
            },
            "indent": []
          }
        },
        {
          "type": "link",
          "title": null,
          "url": "http://localhost:3000/my-markdown-page",
          "children": [
            {
              "type": "text",
              "value": "http://localhost:3000/my-markdown-page",
              "position": {
                "start": {
                  "line": 39,
                  "column": 33,
                  "offset": 899
                },
                "end": {
                  "line": 39,
                  "column": 71,
                  "offset": 937
                },
                "indent": []
              }
            }
          ],
          "position": {
            "start": {
              "line": 39,
              "column": 32,
              "offset": 898
            },
            "end": {
              "line": 39,
              "column": 112,
              "offset": 978
            },
            "indent": []
          }
        },
        {
          "type": "text",
          "value": ".",
          "position": {
            "start": {
              "line": 39,
              "column": 112,
              "offset": 978
            },
            "end": {
              "line": 39,
              "column": 113,
              "offset": 979
            },
            "indent": []
          }
        }
      ],
      "position": {
        "start": {
          "line": 39,
          "column": 1,
          "offset": 867
        },
        "end": {
          "line": 39,
          "column": 113,
          "offset": 979
        },
        "indent": []
      }
    }
  ],
  "position": {
    "start": {
      "line": 1,
      "column": 1,
      "offset": 0
    },
    "end": {
      "line": 39,
      "column": 113,
      "offset": 979
    }
  }
}