{
  "type": "root",
  "children": [
    {
      "type": "heading",
      "depth": 1,
      "children": [
        {
          "type": "text",
          "value": "Create a Document",
          "position": {
            "start": {
              "line": 1,
              "column": 3,
              "offset": 2
            },
            "end": {
              "line": 1,
              "column": 20,
              "offset": 19
            },
            "indent": []
          }
        }
      ],
      "position": {
        "start": {
          "line": 1,
          "column": 1,
          "offset": 0
        },
        "end": {
          "line": 1,
          "column": 20,
          "offset": 19
        },
        "indent": []
      }
    },
    {
      "type": "paragraph",
      "children": [
        {
          "type": "text",
          "value": "Documents are ",
          "position": {
            "start": {
              "line": 3,
              "column": 1,
              "offset": 21
            },
            "end": {
              "line": 3,
              "column": 15,
              "offset": 35
            },
            "indent": []
          }
        },
        {
          "type": "strong",
          "children": [
            {
              "type": "text",
              "value": "groups of pages",
              "position": {
                "start": {
                  "line": 3,
                  "column": 17,
                  "offset": 37
                },
                "end": {
                  "line": 3,
                  "column": 32,
                  "offset": 52
                },
                "indent": []
              }
            }
          ],
          "position": {
            "start": {
              "line": 3,
              "column": 15,
              "offset": 35
            },
            "end": {
              "line": 3,
              "column": 34,
              "offset": 54
            },
            "indent": []
          }
        },
        {
          "type": "text",
          "value": " connected through:",
          "position": {
            "start": {
              "line": 3,
              "column": 34,
              "offset": 54
            },
            "end": {
              "line": 3,
              "column": 53,
              "offset": 73
            },
            "indent": []
          }
        }
      ],
      "position": {
        "start": {
          "line": 3,
          "column": 1,
          "offset": 21
        },
        "end": {
          "line": 3,
          "column": 53,
          "offset": 73
        },
        "indent": []
      }
    },
    {
      "type": "list",
      "ordered": false,
      "start": null,
      "spread": false,
      "children": [
        {
          "type": "listItem",
          "spread": false,
          "checked": null,
          "children": [
            {
              "type": "paragraph",
              "children": [
                {
                  "type": "text",
                  "value": "a ",
                  "position": {
                    "start": {
                      "line": 5,
                      "column": 3,
                      "offset": 77
                    },
                    "end": {
                      "line": 5,
                      "column": 5,
                      "offset": 79
                    },
                    "indent": []
                  }
                },
                {
                  "type": "strong",
                  "children": [
                    {
                      "type": "text",
                      "value": "sidebar",
                      "position": {
                        "start": {
                          "line": 5,
                          "column": 7,
                          "offset": 81
                        },
                        "end": {
                          "line": 5,
                          "column": 14,
                          "offset": 88
                        },
                        "indent": []
                      }
                    }
                  ],
                  "position": {
                    "start": {
                      "line": 5,
                      "column": 5,
                      "offset": 79
                    },
                    "end": {
                      "line": 5,
                      "column": 16,
                      "offset": 90
                    },
                    "indent": []
                  }
                }
              ],
              "position": {
                "start": {
                  "line": 5,
                  "column": 3,
                  "offset": 77
                },
                "end": {
                  "line": 5,
                  "column": 16,
                  "offset": 90
                },
                "indent": []
              }
            }
          ],
          "position": {
            "start": {
              "line": 5,
              "column": 1,
              "offset": 75
            },
            "end": {
              "line": 5,
              "column": 16,
              "offset": 90
            },
            "indent": []
          }
        },
        {
          "type": "listItem",
          "spread": false,
          "checked": null,
          "children": [
            {
              "type": "paragraph",
              "children": [
                {
                  "type": "strong",
                  "children": [
                    {
                      "type": "text",
                      "value": "previous/next navigation",
                      "position": {
                        "start": {
                          "line": 6,
                          "column": 5,
                          "offset": 95
                        },
                        "end": {
                          "line": 6,
                          "column": 29,
                          "offset": 119
                        },
                        "indent": []
                      }
                    }
                  ],
                  "position": {
                    "start": {
                      "line": 6,
                      "column": 3,
                      "offset": 93
                    },
                    "end": {
                      "line": 6,
                      "column": 31,
                      "offset": 121
                    },
                    "indent": []
                  }
                }
              ],
              "position": {
                "start": {
                  "line": 6,
                  "column": 3,
                  "offset": 93
                },
                "end": {
                  "line": 6,
                  "column": 31,
                  "offset": 121
                },
                "indent": []
              }
            }
          ],
          "position": {
            "start": {
              "line": 6,
              "column": 1,
              "offset": 91
            },
            "end": {
              "line": 6,
              "column": 31,
              "offset": 121
            },
            "indent": []
          }
        },
        {
          "type": "listItem",
          "spread": false,
          "checked": null,
          "children": [
            {
              "type": "paragraph",
              "children": [
                {
                  "type": "strong",
                  "children": [
                    {
                      "type": "text",
                      "value": "versioning",
                      "position": {
                        "start": {
                          "line": 7,
                          "column": 5,
                          "offset": 126
                        },
                        "end": {
                          "line": 7,
                          "column": 15,
                          "offset": 136
                        },
                        "indent": []
                      }
                    }
                  ],
                  "position": {
                    "start": {
                      "line": 7,
                      "column": 3,
                      "offset": 124
                    },
                    "end": {
                      "line": 7,
                      "column": 17,
                      "offset": 138
                    },
                    "indent": []
                  }
                }
              ],
              "position": {
                "start": {
                  "line": 7,
                  "column": 3,
                  "offset": 124
                },
                "end": {
                  "line": 7,
                  "column": 17,
                  "offset": 138
                },
                "indent": []
              }
            }
          ],
          "position": {
            "start": {
              "line": 7,
              "column": 1,
              "offset": 122
            },
            "end": {
              "line": 7,
              "column": 17,
              "offset": 138
            },
            "indent": []
          }
        }
      ],
      "position": {
        "start": {
          "line": 5,
          "column": 1,
          "offset": 75
        },
        "end": {
          "line": 7,
          "column": 17,
          "offset": 138
        },
        "indent": [
          1,
          1
        ]
      }
    },
    {
      "type": "heading",
      "depth": 2,
      "children": [
        {
          "type": "text",
          "value": "Create your first Doc",
          "position": {
            "start": {
              "line": 9,
              "column": 4,
              "offset": 143
            },
            "end": {
              "line": 9,
              "column": 25,
              "offset": 164
            },
            "indent": []
          }
        }
      ],
      "position": {
        "start": {
          "line": 9,
          "column": 1,
          "offset": 140
        },
        "end": {
          "line": 9,
          "column": 25,
          "offset": 164
        },
        "indent": []
      }
    },
    {
      "type": "paragraph",
      "children": [
        {
          "type": "text",
          "value": "Create a Markdown file at ",
          "position": {
            "start": {
              "line": 11,
              "column": 1,
              "offset": 166
            },
            "end": {
              "line": 11,
              "column": 27,
              "offset": 192
            },
            "indent": []
          }
        },
        {
          "type": "inlineCode",
          "value": "docs/hello.md",
          "position": {
            "start": {
              "line": 11,
              "column": 27,
              "offset": 192
            },
            "end": {
              "line": 11,
              "column": 42,
              "offset": 207
            },
            "indent": []
          }
        },
        {
          "type": "text",
          "value": ":",
          "position": {
            "start": {
              "line": 11,
              "column": 42,
              "offset": 207
            },
            "end": {
              "line": 11,
              "column": 43,
              "offset": 208
            },
            "indent": []
          }
        }
      ],
      "position": {
        "start": {
          "line": 11,
          "column": 1,
          "offset": 166
        },
        "end": {
          "line": 11,
          "column": 43,
          "offset": 208
        },
        "indent": []
      }
    },
    {
      "type": "code",
      "lang": "md",
      "meta": "title=\"docs/hello.md\"",
      "value": "# Hello\n\nThis is my **first Docusaurus document**!",
      "position": {
        "start": {
          "line": 13,
          "column": 1,
          "offset": 210
        },
        "end": {
          "line": 17,
          "column": 4,
          "offset": 292
        },
        "indent": [
          1,
          1,
          1,
          1
        ]
      }
    },
    {
      "type": "paragraph",
      "children": [
        {
          "type": "text",
          "value": "A new document is now available at ",
          "position": {
            "start": {
              "line": 19,
              "column": 1,
              "offset": 294
            },
            "end": {
              "line": 19,
              "column": 36,
              "offset": 329
            },
            "indent": []
          }
        },
        {
          "type": "link",
          "title": null,
          "url": "http://localhost:3000/docs/hello",
          "children": [
            {
              "type": "text",
              "value": "http://localhost:3000/docs/hello",
              "position": {
                "start": {
                  "line": 19,
                  "column": 37,
                  "offset": 330
                },
                "end": {
                  "line": 19,
                  "column": 69,
                  "offset": 362
                },
                "indent": []
              }
            }
          ],
          "position": {
            "start": {
              "line": 19,
              "column": 36,
              "offset": 329
            },
            "end": {
              "line": 19,
              "column": 104,
              "offset": 397
            },
            "indent": []
          }
        },
        {
          "type": "text",
          "value": ".",
          "position": {
            "start": {
              "line": 19,
              "column": 104,
              "offset": 397
            },
            "end": {
              "line": 19,
              "column": 105,
              "offset": 398
            },
            "indent": []
          }
        }
      ],
      "position": {
        "start": {
          "line": 19,
          "column": 1,
          "offset": 294
        },
        "end": {
          "line": 19,
          "column": 105,
          "offset": 398
        },
        "indent": []
      }
    },
    {
      "type": "heading",
      "depth": 2,
      "children": [
        {
          "type": "text",
          "value": "Configure the Sidebar",
          "position": {
            "start": {
              "line": 21,
              "column": 4,
              "offset": 403
            },
            "end": {
              "line": 21,
              "column": 25,
              "offset": 424
            },
            "indent": []
          }
        }
      ],
      "position": {
        "start": {
          "line": 21,
          "column": 1,
          "offset": 400
        },
        "end": {
          "line": 21,
          "column": 25,
          "offset": 424
        },
        "indent": []
      }
    },
    {
      "type": "paragraph",
      "children": [
        {
          "type": "text",
          "value": "Docusaurus automatically ",
          "position": {
            "start": {
              "line": 23,
              "column": 1,
              "offset": 426
            },
            "end": {
              "line": 23,
              "column": 26,
              "offset": 451
            },
            "indent": []
          }
        },
        {
          "type": "strong",
          "children": [
            {
              "type": "text",
              "value": "creates a sidebar",
              "position": {
                "start": {
                  "line": 23,
                  "column": 28,
                  "offset": 453
                },
                "end": {
                  "line": 23,
                  "column": 45,
                  "offset": 470
                },
                "indent": []
              }
            }
          ],
          "position": {
            "start": {
              "line": 23,
              "column": 26,
              "offset": 451
            },
            "end": {
              "line": 23,
              "column": 47,
              "offset": 472
            },
            "indent": []
          }
        },
        {
          "type": "text",
          "value": " from the ",
          "position": {
            "start": {
              "line": 23,
              "column": 47,
              "offset": 472
            },
            "end": {
              "line": 23,
              "column": 57,
              "offset": 482
            },
            "indent": []
          }
        },
        {
          "type": "inlineCode",
          "value": "docs",
          "position": {
            "start": {
              "line": 23,
              "column": 57,
              "offset": 482
            },
            "end": {
              "line": 23,
              "column": 63,
              "offset": 488
            },
            "indent": []
          }
        },
        {
          "type": "text",
          "value": " folder.",
          "position": {
            "start": {
              "line": 23,
              "column": 63,
              "offset": 488
            },
            "end": {
              "line": 23,
              "column": 71,
              "offset": 496
            },
            "indent": []
          }
        }
      ],
      "position": {
        "start": {
          "line": 23,
          "column": 1,
          "offset": 426
        },
        "end": {
          "line": 23,
          "column": 71,
          "offset": 496
        },
        "indent": []
      }
    },
    {
      "type": "paragraph",
      "children": [
        {
          "type": "text",
          "value": "Add metadata to customize the sidebar label and position:",
          "position": {
            "start": {
              "line": 25,
              "column": 1,
              "offset": 498
            },
            "end": {
              "line": 25,
              "column": 58,
              "offset": 555
            },
            "indent": []
          }
        }
      ],
      "position": {
        "start": {
          "line": 25,
          "column": 1,
          "offset": 498
        },
        "end": {
          "line": 25,
          "column": 58,
          "offset": 555
        },
        "indent": []
      }
    },
    {
      "type": "code",
      "lang": "md",
      "meta": "title=\"docs/hello.md\" {1-4}",
      "value": "---\nsidebar_label: 'Hi!'\nsidebar_position: 3\n---\n\n# Hello\n\nThis is my **first Docusaurus document**!",
      "position": {
        "start": {
          "line": 27,
          "column": 1,
          "offset": 557
        },
        "end": {
          "line": 36,
          "column": 4,
          "offset": 695
        },
        "indent": [
          1,
          1,
          1,
          1,
          1,
          1,
          1,
          1,
          1
        ]
      }
    },
    {
      "type": "paragraph",
      "children": [
        {
          "type": "text",
          "value": "It is also possible to create your sidebar explicitly in ",
          "position": {
            "start": {
              "line": 38,
              "column": 1,
              "offset": 697
            },
            "end": {
              "line": 38,
              "column": 58,
              "offset": 754
            },
            "indent": []
          }
        },
        {
          "type": "inlineCode",
          "value": "sidebars.js",
          "position": {
            "start": {
              "line": 38,
              "column": 58,
              "offset": 754
            },
            "end": {
              "line": 38,
              "column": 71,
              "offset": 767
            },
            "indent": []
          }
        },
        {
          "type": "text",
          "value": ":",
          "position": {
            "start": {
              "line": 38,
              "column": 71,
              "offset": 767
            },
            "end": {
              "line": 38,
              "column": 72,
              "offset": 768
            },
            "indent": []
          }
        }
      ],
      "position": {
        "start": {
          "line": 38,
          "column": 1,
          "offset": 697
        },
        "end": {
          "line": 38,
          "column": 72,
          "offset": 768
        },
        "indent": []
      }
    },
    {
      "type": "code",
      "lang": "js",
      "meta": "title=\"sidebars.js\"",
      "value": "module.exports = {\n  tutorialSidebar: [\n    'intro',\n    // highlight-next-line\n    'hello',\n    {\n      type: 'category',\n      label: 'Tutorial',\n      items: ['tutorial-basics/create-a-document'],\n    },\n  ],\n};",
      "position": {
        "start": {
          "line": 40,
          "column": 1,
          "offset": 770
        },
        "end": {
          "line": 53,
          "column": 4,
          "offset": 1014
        },
        "indent": [
          1,
          1,
          1,
          1,
          1,
          1,
          1,
          1,
          1,
          1,
          1,
          1,
          1
        ]
      }
    }
  ],
  "position": {
    "start": {
      "line": 1,
      "column": 1,
      "offset": 0
    },
    "end": {
      "line": 53,
      "column": 4,
      "offset": 1014
    }
  }
}