{
  "type": "root",
  "children": [
    {
      "type": "heading",
      "depth": 1,
      "children": [
        {
          "type": "text",
          "value": "Create a Blog Post",
          "position": {
            "start": {
              "line": 1,
              "column": 3,
              "offset": 2
            },
            "end": {
              "line": 1,
              "column": 21,
              "offset": 20
            },
            "indent": []
          }
        }
      ],
      "position": {
        "start": {
          "line": 1,
          "column": 1,
          "offset": 0
        },
        "end": {
          "line": 1,
          "column": 21,
          "offset": 20
        },
        "indent": []
      }
    },
    {
      "type": "paragraph",
      "children": [
        {
          "type": "text",
          "value": "Docusaurus creates a ",
          "position": {
            "start": {
              "line": 3,
              "column": 1,
              "offset": 22
            },
            "end": {
              "line": 3,
              "column": 22,
              "offset": 43
            },
            "indent": []
          }
        },
        {
          "type": "strong",
          "children": [
            {
              "type": "text",
              "value": "page for each blog post",
              "position": {
                "start": {
                  "line": 3,
                  "column": 24,
                  "offset": 45
                },
                "end": {
                  "line": 3,
                  "column": 47,
                  "offset": 68
                },
                "indent": []
              }
            }
          ],
          "position": {
            "start": {
              "line": 3,
              "column": 22,
              "offset": 43
            },
            "end": {
              "line": 3,
              "column": 49,
              "offset": 70
            },
            "indent": []
          }
        },
        {
          "type": "text",
          "value": ", but also a ",
          "position": {
            "start": {
              "line": 3,
              "column": 49,
              "offset": 70
            },
            "end": {
              "line": 3,
              "column": 62,
              "offset": 83
            },
            "indent": []
          }
        },
        {
          "type": "strong",
          "children": [
            {
              "type": "text",
              "value": "blog index page",
              "position": {
                "start": {
                  "line": 3,
                  "column": 64,
                  "offset": 85
                },
                "end": {
                  "line": 3,
                  "column": 79,
                  "offset": 100
                },
                "indent": []
              }
            }
          ],
          "position": {
            "start": {
              "line": 3,
              "column": 62,
              "offset": 83
            },
            "end": {
              "line": 3,
              "column": 81,
              "offset": 102
            },
            "indent": []
          }
        },
        {
          "type": "text",
          "value": ", a ",
          "position": {
            "start": {
              "line": 3,
              "column": 81,
              "offset": 102
            },
            "end": {
              "line": 3,
              "column": 85,
              "offset": 106
            },
            "indent": []
          }
        },
        {
          "type": "strong",
          "children": [
            {
              "type": "text",
              "value": "tag system",
              "position": {
                "start": {
                  "line": 3,
                  "column": 87,
                  "offset": 108
                },
                "end": {
                  "line": 3,
                  "column": 97,
                  "offset": 118
                },
                "indent": []
              }
            }
          ],
          "position": {
            "start": {
              "line": 3,
              "column": 85,
              "offset": 106
            },
            "end": {
              "line": 3,
              "column": 99,
              "offset": 120
            },
            "indent": []
          }
        },
        {
          "type": "text",
          "value": ", an ",
          "position": {
            "start": {
              "line": 3,
              "column": 99,
              "offset": 120
            },
            "end": {
              "line": 3,
              "column": 104,
              "offset": 125
            },
            "indent": []
          }
        },
        {
          "type": "strong",
          "children": [
            {
              "type": "text",
              "value": "RSS",
              "position": {
                "start": {
                  "line": 3,
                  "column": 106,
                  "offset": 127
                },
                "end": {
                  "line": 3,
                  "column": 109,
                  "offset": 130
                },
                "indent": []
              }
            }
          ],
          "position": {
            "start": {
              "line": 3,
              "column": 104,
              "offset": 125
            },
            "end": {
              "line": 3,
              "column": 111,
              "offset": 132
            },
            "indent": []
          }
        },
        {
          "type": "text",
          "value": " feed...",
          "position": {
            "start": {
              "line": 3,
              "column": 111,
              "offset": 132
            },
            "end": {
              "line": 3,
              "column": 119,
              "offset": 140
            },
            "indent": []
          }
        }
      ],
      "position": {
        "start": {
          "line": 3,
          "column": 1,
          "offset": 22
        },
        "end": {
          "line": 3,
          "column": 119,
          "offset": 140
        },
        "indent": []
      }
    },
    {
      "type": "heading",
      "depth": 2,
      "children": [
        {
          "type": "text",
          "value": "Create your first Post",
          "position": {
            "start": {
              "line": 5,
              "column": 4,
              "offset": 145
            },
            "end": {
              "line": 5,
              "column": 26,
              "offset": 167
            },
            "indent": []
          }
        }
      ],
      "position": {
        "start": {
          "line": 5,
          "column": 1,
          "offset": 142
        },
        "end": {
          "line": 5,
          "column": 26,
          "offset": 167
        },
        "indent": []
      }
    },
    {
      "type": "paragraph",
      "children": [
        {
          "type": "text",
          "value": "Create a file at ",
          "position": {
            "start": {
              "line": 7,
              "column": 1,
              "offset": 169
            },
            "end": {
              "line": 7,
              "column": 18,
              "offset": 186
            },
            "indent": []
          }
        },
        {
          "type": "inlineCode",
          "value": "blog/2021-02-28-greetings.md",
          "position": {
            "start": {
              "line": 7,
              "column": 18,
              "offset": 186
            },
            "end": {
              "line": 7,
              "column": 48,
              "offset": 216
            },
            "indent": []
          }
        },
        {
          "type": "text",
          "value": ":",
          "position": {
            "start": {
              "line": 7,
              "column": 48,
              "offset": 216
            },
            "end": {
              "line": 7,
              "column": 49,
              "offset": 217
            },
            "indent": []
          }
        }
      ],
      "position": {
        "start": {
          "line": 7,
          "column": 1,
          "offset": 169
        },
        "end": {
          "line": 7,
          "column": 49,
          "offset": 217
        },
        "indent": []
      }
    },
    {
      "type": "code",
      "lang": "md",
      "meta": "title=\"blog/2021-02-28-greetings.md\"",
      "value": "---\nslug: greetings\ntitle: Greetings!\nauthors:\n  - name: Joel Marcey\n    title: Co-creator of Docusaurus 1\n    url: https://github.com/JoelMarcey\n    image_url: https://github.com/JoelMarcey.png\n  - name: Sébastien Lorber\n    title: Docusaurus maintainer\n    url: https://sebastienlorber.com\n    image_url: https://github.com/slorber.png\ntags: [greetings]\n---\n\nCongratulations, you have made your first post!\n\nFeel free to play around and edit this post as much you like.",
      "position": {
        "start": {
          "line": 9,
          "column": 1,
          "offset": 219
        },
        "end": {
          "line": 28,
          "column": 4,
          "offset": 737
        },
        "indent": [
          1,
          1,
          1,
          1,
          1,
          1,
          1,
          1,
          1,
          1,
          1,
          1,
          1,
          1,
          1,
          1,
          1,
          1,
          1
        ]
      }
    },
    {
      "type": "paragraph",
      "children": [
        {
          "type": "text",
          "value": "A new blog post is now available at ",
          "position": {
            "start": {
              "line": 30,
              "column": 1,
              "offset": 739
            },
            "end": {
              "line": 30,
              "column": 37,
              "offset": 775
            },
            "indent": []
          }
        },
        {
          "type": "link",
          "title": null,
          "url": "http://localhost:3000/blog/greetings",
          "children": [
            {
              "type": "text",
              "value": "http://localhost:3000/blog/greetings",
              "position": {
                "start": {
                  "line": 30,
                  "column": 38,
                  "offset": 776
                },
                "end": {
                  "line": 30,
                  "column": 74,
                  "offset": 812
                },
                "indent": []
              }
            }
          ],
          "position": {
            "start": {
              "line": 30,
              "column": 37,
              "offset": 775
            },
            "end": {
              "line": 30,
              "column": 113,
              "offset": 851
            },
            "indent": []
          }
        },
        {
          "type": "text",
          "value": ".",
          "position": {
            "start": {
              "line": 30,
              "column": 113,
              "offset": 851
            },
            "end": {
              "line": 30,
              "column": 114,
              "offset": 852
            },
            "indent": []
          }
        }
      ],
      "position": {
        "start": {
          "line": 30,
          "column": 1,
          "offset": 739
        },
        "end": {
          "line": 30,
          "column": 114,
          "offset": 852
        },
        "indent": []
      }
    }
  ],
  "position": {
    "start": {
      "line": 1,
      "column": 1,
      "offset": 0
    },
    "end": {
      "line": 30,
      "column": 114,
      "offset": 852
    }
  }
}