{
  "type": "root",
  "children": [
    {
      "type": "heading",
      "depth": 1,
      "children": [
        {
          "type": "text",
          "value": "Deploy your site",
          "position": {
            "start": {
              "line": 1,
              "column": 3,
              "offset": 2
            },
            "end": {
              "line": 1,
              "column": 19,
              "offset": 18
            },
            "indent": []
          }
        }
      ],
      "position": {
        "start": {
          "line": 1,
          "column": 1,
          "offset": 0
        },
        "end": {
          "line": 1,
          "column": 19,
          "offset": 18
        },
        "indent": []
      }
    },
    {
      "type": "paragraph",
      "children": [
        {
          "type": "text",
          "value": "Docusaurus is a ",
          "position": {
            "start": {
              "line": 3,
              "column": 1,
              "offset": 20
            },
            "end": {
              "line": 3,
              "column": 17,
              "offset": 36
            },
            "indent": []
          }
        },
        {
          "type": "strong",
          "children": [
            {
              "type": "text",
              "value": "static-site-generator",
              "position": {
                "start": {
                  "line": 3,
                  "column": 19,
                  "offset": 38
                },
                "end": {
                  "line": 3,
                  "column": 40,
                  "offset": 59
                },
                "indent": []
              }
            }
          ],
          "position": {
            "start": {
              "line": 3,
              "column": 17,
              "offset": 36
            },
            "end": {
              "line": 3,
              "column": 42,
              "offset": 61
            },
            "indent": []
          }
        },
        {
          "type": "text",
          "value": " (also called ",
          "position": {
            "start": {
              "line": 3,
              "column": 42,
              "offset": 61
            },
            "end": {
              "line": 3,
              "column": 56,
              "offset": 75
            },
            "indent": []
          }
        },
        {
          "type": "strong",
          "children": [
            {
              "type": "link",
              "title": null,
              "url": "https://jamstack.org/",
              "children": [
                {
                  "type": "text",
                  "value": "Jamstack",
                  "position": {
                    "start": {
                      "line": 3,
                      "column": 59,
                      "offset": 78
                    },
                    "end": {
                      "line": 3,
                      "column": 67,
                      "offset": 86
                    },
                    "indent": []
                  }
                }
              ],
              "position": {
                "start": {
                  "line": 3,
                  "column": 58,
                  "offset": 77
                },
                "end": {
                  "line": 3,
                  "column": 91,
                  "offset": 110
                },
                "indent": []
              }
            }
          ],
          "position": {
            "start": {
              "line": 3,
              "column": 56,
              "offset": 75
            },
            "end": {
              "line": 3,
              "column": 93,
              "offset": 112
            },
            "indent": []
          }
        },
        {
          "type": "text",
          "value": ").",
          "position": {
            "start": {
              "line": 3,
              "column": 93,
              "offset": 112
            },
            "end": {
              "line": 3,
              "column": 95,
              "offset": 114
            },
            "indent": []
          }
        }
      ],
      "position": {
        "start": {
          "line": 3,
          "column": 1,
          "offset": 20
        },
        "end": {
          "line": 3,
          "column": 95,
          "offset": 114
        },
        "indent": []
      }
    },
    {
      "type": "paragraph",
      "children": [
        {
          "type": "text",
          "value": "It builds your site as simple ",
          "position": {
            "start": {
              "line": 5,
              "column": 1,
              "offset": 116
            },
            "end": {
              "line": 5,
              "column": 31,
              "offset": 146
            },
            "indent": []
          }
        },
        {
          "type": "strong",
          "children": [
            {
              "type": "text",
              "value": "static HTML, JavaScript and CSS files",
              "position": {
                "start": {
                  "line": 5,
                  "column": 33,
                  "offset": 148
                },
                "end": {
                  "line": 5,
                  "column": 70,
                  "offset": 185
                },
                "indent": []
              }
            }
          ],
          "position": {
            "start": {
              "line": 5,
              "column": 31,
              "offset": 146
            },
            "end": {
              "line": 5,
              "column": 72,
              "offset": 187
            },
            "indent": []
          }
        },
        {
          "type": "text",
          "value": ".",
          "position": {
            "start": {
              "line": 5,
              "column": 72,
              "offset": 187
            },
            "end": {
              "line": 5,
              "column": 73,
              "offset": 188
            },
            "indent": []
          }
        }
      ],
      "position": {
        "start": {
          "line": 5,
          "column": 1,
          "offset": 116
        },
        "end": {
          "line": 5,
          "column": 73,
          "offset": 188
        },
        "indent": []
      }
    },
    {
      "type": "heading",
      "depth": 2,
      "children": [
        {
          "type": "text",
          "value": "Build your site",
          "position": {
            "start": {
              "line": 7,
              "column": 4,
              "offset": 193
            },
            "end": {
              "line": 7,
              "column": 19,
              "offset": 208
            },
            "indent": []
          }
        }
      ],
      "position": {
        "start": {
          "line": 7,
          "column": 1,
          "offset": 190
        },
        "end": {
          "line": 7,
          "column": 19,
          "offset": 208
        },
        "indent": []
      }
    },
    {
      "type": "paragraph",
      "children": [
        {
          "type": "text",
          "value": "Build your site ",
          "position": {
            "start": {
              "line": 9,
              "column": 1,
              "offset": 210
            },
            "end": {
              "line": 9,
              "column": 17,
              "offset": 226
            },
            "indent": []
          }
        },
        {
          "type": "strong",
          "children": [
            {
              "type": "text",
              "value": "for production",
              "position": {
                "start": {
                  "line": 9,
                  "column": 19,
                  "offset": 228
                },
                "end": {
                  "line": 9,
                  "column": 33,
                  "offset": 242
                },
                "indent": []
              }
            }
          ],
          "position": {
            "start": {
              "line": 9,
              "column": 17,
              "offset": 226
            },
            "end": {
              "line": 9,
              "column": 35,
              "offset": 244
            },
            "indent": []
          }
        },
        {
          "type": "text",
          "value": ":",
          "position": {
            "start": {
              "line": 9,
              "column": 35,
              "offset": 244
            },
            "end": {
              "line": 9,
              "column": 36,
              "offset": 245
            },
            "indent": []
          }
        }
      ],
      "position": {
        "start": {
          "line": 9,
          "column": 1,
          "offset": 210
        },
        "end": {
          "line": 9,
          "column": 36,
          "offset": 245
        },
        "indent": []
      }
    },
    {
      "type": "code",
      "lang": "bash",
      "meta": null,
      "value": "npm run build",
      "position": {
        "start": {
          "line": 11,
          "column": 1,
          "offset": 247
        },
        "end": {
          "line": 13,
          "column": 4,
          "offset": 272
        },
        "indent": [
          1,
          1
        ]
      }
    },
    {
      "type": "paragraph",
      "children": [
        {
          "type": "text",
          "value": "The static files are generated in the ",
          "position": {
            "start": {
              "line": 15,
              "column": 1,
              "offset": 274
            },
            "end": {
              "line": 15,
              "column": 39,
              "offset": 312
            },
            "indent": []
          }
        },
        {
          "type": "inlineCode",
          "value": "build",
          "position": {
            "start": {
              "line": 15,
              "column": 39,
              "offset": 312
            },
            "end": {
              "line": 15,
              "column": 46,
              "offset": 319
            },
            "indent": []
          }
        },
        {
          "type": "text",
          "value": " folder.",
          "position": {
            "start": {
              "line": 15,
              "column": 46,
              "offset": 319
            },
            "end": {
              "line": 15,
              "column": 54,
              "offset": 327
            },
            "indent": []
          }
        }
      ],
      "position": {
        "start": {
          "line": 15,
          "column": 1,
          "offset": 274
        },
        "end": {
          "line": 15,
          "column": 54,
          "offset": 327
        },
        "indent": []
      }
    },
    {
      "type": "heading",
      "depth": 2,
      "children": [
        {
          "type": "text",
          "value": "Deploy your site",
          "position": {
            "start": {
              "line": 17,
              "column": 4,
              "offset": 332
            },
            "end": {
              "line": 17,
              "column": 20,
              "offset": 348
            },
            "indent": []
          }
        }
      ],
      "position": {
        "start": {
          "line": 17,
          "column": 1,
          "offset": 329
        },
        "end": {
          "line": 17,
          "column": 20,
          "offset": 348
        },
        "indent": []
      }
    },
    {
      "type": "paragraph",
      "children": [
        {
          "type": "text",
          "value": "Test your production build locally:",
          "position": {
            "start": {
              "line": 19,
              "column": 1,
              "offset": 350
            },
            "end": {
              "line": 19,
              "column": 36,
              "offset": 385
            },
            "indent": []
          }
        }
      ],
      "position": {
        "start": {
          "line": 19,
          "column": 1,
          "offset": 350
        },
        "end": {
          "line": 19,
          "column": 36,
          "offset": 385
        },
        "indent": []
      }
    },
    {
      "type": "code",
      "lang": "bash",
      "meta": null,
      "value": "npm run serve",
      "position": {
        "start": {
          "line": 21,
          "column": 1,
          "offset": 387
        },
        "end": {
          "line": 23,
          "column": 4,
          "offset": 412
        },
        "indent": [
          1,
          1
        ]
      }
    },
    {
      "type": "paragraph",
      "children": [
        {
          "type": "text",
          "value": "The ",
          "position": {
            "start": {
              "line": 25,
              "column": 1,
              "offset": 414
            },
            "end": {
              "line": 25,
              "column": 5,
              "offset": 418
            },
            "indent": []
          }
        },
        {
          "type": "inlineCode",
          "value": "build",
          "position": {
            "start": {
              "line": 25,
              "column": 5,
              "offset": 418
            },
            "end": {
              "line": 25,
              "column": 12,
              "offset": 425
            },
            "indent": []
          }
        },
        {
          "type": "text",
          "value": " folder is now served at ",
          "position": {
            "start": {
              "line": 25,
              "column": 12,
              "offset": 425
            },
            "end": {
              "line": 25,
              "column": 37,
              "offset": 450
            },
            "indent": []
          }
        },
        {
          "type": "link",
          "title": null,
          "url": "http://localhost:3000/",
          "children": [
            {
              "type": "text",
              "value": "http://localhost:3000/",
              "position": {
                "start": {
                  "line": 25,
                  "column": 38,
                  "offset": 451
                },
                "end": {
                  "line": 25,
                  "column": 60,
                  "offset": 473
                },
                "indent": []
              }
            }
          ],
          "position": {
            "start": {
              "line": 25,
              "column": 37,
              "offset": 450
            },
            "end": {
              "line": 25,
              "column": 85,
              "offset": 498
            },
            "indent": []
          }
        },
        {
          "type": "text",
          "value": ".",
          "position": {
            "start": {
              "line": 25,
              "column": 85,
              "offset": 498
            },
            "end": {
              "line": 25,
              "column": 86,
              "offset": 499
            },
            "indent": []
          }
        }
      ],
      "position": {
        "start": {
          "line": 25,
          "column": 1,
          "offset": 414
        },
        "end": {
          "line": 25,
          "column": 86,
          "offset": 499
        },
        "indent": []
      }
    },
    {
      "type": "paragraph",
      "children": [
        {
          "type": "text",
          "value": "You can now deploy the ",
          "position": {
            "start": {
              "line": 27,
              "column": 1,
              "offset": 501
            },
            "end": {
              "line": 27,
              "column": 24,
              "offset": 524
            },
            "indent": []
          }
        },
        {
          "type": "inlineCode",
          "value": "build",
          "position": {
            "start": {
              "line": 27,
              "column": 24,
              "offset": 524
            },
            "end": {
              "line": 27,
              "column": 31,
              "offset": 531
            },
            "indent": []
          }
        },
        {
          "type": "text",
          "value": " folder ",
          "position": {
            "start": {
              "line": 27,
              "column": 31,
              "offset": 531
            },
            "end": {
              "line": 27,
              "column": 39,
              "offset": 539
            },
            "indent": []
          }
        },
        {
          "type": "strong",
          "children": [
            {
              "type": "text",
              "value": "almost anywhere",
              "position": {
                "start": {
                  "line": 27,
                  "column": 41,
                  "offset": 541
                },
                "end": {
                  "line": 27,
                  "column": 56,
                  "offset": 556
                },
                "indent": []
              }
            }
          ],
          "position": {
            "start": {
              "line": 27,
              "column": 39,
              "offset": 539
            },
            "end": {
              "line": 27,
              "column": 58,
              "offset": 558
            },
            "indent": []
          }
        },
        {
          "type": "text",
          "value": " easily, ",
          "position": {
            "start": {
              "line": 27,
              "column": 58,
              "offset": 558
            },
            "end": {
              "line": 27,
              "column": 67,
              "offset": 567
            },
            "indent": []
          }
        },
        {
          "type": "strong",
          "children": [
            {
              "type": "text",
              "value": "for free",
              "position": {
                "start": {
                  "line": 27,
                  "column": 69,
                  "offset": 569
                },
                "end": {
                  "line": 27,
                  "column": 77,
                  "offset": 577
                },
                "indent": []
              }
            }
          ],
          "position": {
            "start": {
              "line": 27,
              "column": 67,
              "offset": 567
            },
            "end": {
              "line": 27,
              "column": 79,
              "offset": 579
            },
            "indent": []
          }
        },
        {
          "type": "text",
          "value": " or very small cost (read the ",
          "position": {
            "start": {
              "line": 27,
              "column": 79,
              "offset": 579
            },
            "end": {
              "line": 27,
              "column": 109,
              "offset": 609
            },
            "indent": []
          }
        },
        {
          "type": "strong",
          "children": [
            {
              "type": "link",
              "title": null,
              "url": "https://docusaurus.io/docs/deployment",
              "children": [
                {
                  "type": "text",
                  "value": "Deployment Guide",
                  "position": {
                    "start": {
                      "line": 27,
                      "column": 112,
                      "offset": 612
                    },
                    "end": {
                      "line": 27,
                      "column": 128,
                      "offset": 628
                    },
                    "indent": []
                  }
                }
              ],
              "position": {
                "start": {
                  "line": 27,
                  "column": 111,
                  "offset": 611
                },
                "end": {
                  "line": 27,
                  "column": 168,
                  "offset": 668
                },
                "indent": []
              }
            }
          ],
          "position": {
            "start": {
              "line": 27,
              "column": 109,
              "offset": 609
            },
            "end": {
              "line": 27,
              "column": 170,
              "offset": 670
            },
            "indent": []
          }
        },
        {
          "type": "text",
          "value": ").",
          "position": {
            "start": {
              "line": 27,
              "column": 170,
              "offset": 670
            },
            "end": {
              "line": 27,
              "column": 172,
              "offset": 672
            },
            "indent": []
          }
        }
      ],
      "position": {
        "start": {
          "line": 27,
          "column": 1,
          "offset": 501
        },
        "end": {
          "line": 27,
          "column": 172,
          "offset": 672
        },
        "indent": []
      }
    }
  ],
  "position": {
    "start": {
      "line": 1,
      "column": 1,
      "offset": 0
    },
    "end": {
      "line": 27,
      "column": 172,
      "offset": 672
    }
  }
}